,namePlayer,numberPickOverall,nameOrganizationFrom,typeOrganizationFrom,Age,Tm,Pos,G,GS,MP,FG,FG%,3P,3P%,2P,2P%,eFG%,FT,FT%,ORB,DRB,AST,STL,BLK,TOV,PF,PTS,PER,WS,WS/48,Career_PER
413,Zaza Pachulia,42.0,Ulkerspor,Other Team/Club,19.0,ORL,C,59.0,2.0,11.3,1.2,0.389,0.0,,1.2,0.389,0.389,1.0,0.644,1.2,1.8,0.2,0.4,0.2,0.6,1.5,3.3,10.8,0.3,0.023,14.6
195,Jordan Crawford,27.0,Xavier,College/University,22.0,TOT,SG,42.0,18.0,24.5,4.6,0.384,0.8,0.258,3.8,0.427,0.417,1.7,0.869,0.7,1.8,2.8,0.9,0.1,2.0,1.5,11.7,11.8,-0.6,-0.026,14.1
197,Hassan Whiteside,33.0,Marshall,College/University,21.0,SAC,C,1.0,0.0,2.0,0.0,,0.0,,0.0,,,0.0,,0.0,0.0,0.0,0.0,0.0,0.0,2.0,0.0,-17.9,0.0,0.007,24.0
92,Shabazz Muhammad,14.0,California-Los Angeles,College/University,21.0,MIN,SG,37.0,0.0,7.8,1.5,0.46,0.1,0.273,1.5,0.478,0.472,0.7,0.65,0.6,0.8,0.2,0.2,0.0,0.4,0.6,3.9,13.1,0.3,0.053,15.9
146,Brandon Knight,8.0,Kentucky,College/University,20.0,DET,PG,66.0,60.0,32.3,4.8,0.415,1.6,0.38,3.2,0.434,0.483,1.6,0.759,0.5,2.7,3.8,0.7,0.2,2.6,2.3,12.8,11.7,1.3,0.029,13.7
44,Rondae Hollis-Jefferson,23.0,Arizona,College/University,21.0,BRK,SF,29.0,17.0,21.2,2.2,0.457,0.1,0.286,2.0,0.476,0.471,1.3,0.712,1.3,4.0,1.5,1.3,0.6,0.9,2.1,5.8,14.2,1.2,0.094,14.6
5,Marquese Chriss,8.0,Washington,College/University,19.0,PHO,PF,82.0,75.0,21.3,3.5,0.449,0.9,0.321,2.6,0.52,0.506,1.4,0.624,1.2,3.1,0.7,0.8,0.9,1.3,3.2,9.2,12.3,1.8,0.05,13.3
266,Al Horford,3.0,Florida,College/University,21.0,ATL,C,81.0,77.0,31.4,4.1,0.499,0.0,0.0,4.1,0.502,0.499,1.9,0.731,3.1,6.6,1.5,0.7,0.9,1.7,3.3,10.1,14.7,5.5,0.103,18.7
470,Brian Scalabrine,34.0,Southern California,College/University,23.0,NJN,PF,28.0,0.0,10.4,0.8,0.343,0.1,0.3,0.7,0.351,0.366,0.4,0.733,0.4,1.4,0.8,0.3,0.1,0.9,1.4,2.1,4.2,-0.1,-0.015,7.7
103,Allen Crabbe,31.0,California,College/University,21.0,POR,SG,15.0,0.0,6.7,0.8,0.364,0.4,0.429,0.4,0.316,0.455,0.2,0.75,0.1,0.5,0.4,0.1,0.1,0.2,0.7,2.2,7.7,0.1,0.037,10.8
225,Dante Cunningham,33.0,Villanova,College/University,22.0,POR,PF,63.0,2.0,11.2,1.7,0.495,0.0,0.0,1.7,0.5,0.495,0.5,0.646,0.9,1.7,0.2,0.4,0.3,0.2,1.5,3.9,14.3,1.9,0.129,11.1
472,Bobby Simmons,41.0,DePaul,College/University,21.0,WAS,SF,30.0,3.0,11.4,1.4,0.453,0.1,0.286,1.3,0.481,0.474,0.7,0.733,0.8,0.9,0.6,0.4,0.2,0.5,1.0,3.7,13.2,0.7,0.092,12.9
131,Tomas Satoransky,32.0,CB Sevilla,Other Team/Club,25.0,WAS,SG,57.0,3.0,12.6,1.1,0.415,0.2,0.243,0.9,0.473,0.446,0.4,0.697,0.4,1.0,1.6,0.5,0.1,0.7,1.1,2.7,8.5,0.6,0.04,13.7
475,Kenyon Martin,1.0,Cincinnati,College/University,23.0,NJN,PF,68.0,68.0,33.4,5.1,0.445,0.0,0.091,5.1,0.45,0.446,1.8,0.63,2.0,5.4,1.9,1.1,1.7,2.0,4.1,12.0,13.4,2.1,0.044,15.0
268,Jeff Green,5.0,Georgetown,College/University,21.0,SEA,SF,80.0,52.0,28.2,4.0,0.427,0.3,0.276,3.7,0.444,0.441,2.2,0.744,1.3,3.5,1.5,0.6,0.6,2.0,2.5,10.5,9.8,0.2,0.003,13.2
342,Luther Head,24.0,Illinois,College/University,23.0,HOU,SG,80.0,27.0,28.9,3.2,0.403,1.4,0.361,1.8,0.445,0.493,1.1,0.699,0.4,2.9,2.7,1.1,0.1,1.5,2.1,8.8,11.2,3.5,0.072,12.3
176,Wesley Johnson,4.0,Syracuse,College/University,23.0,MIN,SG,79.0,63.0,26.2,3.4,0.397,1.3,0.356,2.1,0.427,0.473,0.8,0.696,0.6,2.4,1.9,0.7,0.7,1.2,2.1,9.0,10.2,1.3,0.03,10.0
71,Rodney Hood,23.0,Duke,College/University,22.0,UTA,SG,50.0,21.0,21.3,3.1,0.414,1.2,0.365,1.9,0.456,0.497,1.2,0.763,0.2,2.2,1.7,0.6,0.2,0.9,2.4,8.7,12.3,2.2,0.098,12.5
80,Dwight Powell,45.0,Stanford,College/University,23.0,TOT,PF,29.0,0.0,8.1,1.1,0.463,0.1,0.273,1.0,0.5,0.485,0.9,0.758,0.6,1.1,0.3,0.3,0.2,0.4,1.4,3.1,13.8,0.6,0.122,17.9
95,Tony Snell,20.0,New Mexico,College/University,22.0,CHI,SG,77.0,12.0,16.0,1.7,0.384,0.7,0.32,0.9,0.456,0.469,0.4,0.756,0.2,1.4,0.9,0.4,0.2,0.6,1.1,4.5,8.0,1.6,0.063,9.1
377,Delonte West,24.0,Saint Joseph's,College/University,21.0,BOS,SG,39.0,7.0,13.0,1.7,0.426,0.6,0.358,1.1,0.477,0.503,0.5,0.704,0.4,1.3,1.4,0.5,0.2,0.6,1.8,4.5,12.3,0.9,0.09,13.9
321,Leon Powe,49.0,California,College/University,23.0,BOS,C,63.0,2.0,11.4,1.3,0.446,0.0,0.0,1.3,0.451,0.446,1.7,0.736,1.5,1.9,0.2,0.2,0.3,0.7,1.7,4.2,14.6,1.7,0.116,16.8
213,Jrue Holiday,17.0,California-Los Angeles,College/University,19.0,PHI,PG,73.0,51.0,24.2,3.2,0.442,0.8,0.39,2.3,0.465,0.502,0.9,0.756,0.8,1.8,3.8,1.1,0.2,2.1,2.1,8.0,12.3,1.2,0.032,17.1
22,Jake Layman,47.0,Maryland,College/University,22.0,POR,SF,35.0,1.0,7.1,0.7,0.292,0.4,0.255,0.4,0.342,0.365,0.4,0.765,0.2,0.5,0.3,0.3,0.1,0.3,0.6,2.2,4.9,-0.3,-0.054,11.2
53,Marcus Thornton,45.0,William & Mary,College/University,22.0,NOH,SG,73.0,17.0,25.6,5.5,0.451,1.6,0.374,3.8,0.493,0.517,2.0,0.814,1.0,1.9,1.6,0.8,0.2,1.0,1.7,14.5,17.4,4.0,0.103,15.5
175,Derrick Favors,3.0,Georgia Tech,College/University,19.0,TOT,PF,78.0,27.0,19.7,2.8,0.517,0.0,,2.8,0.517,0.517,1.3,0.595,2.2,3.1,0.5,0.4,0.9,1.0,3.2,6.8,13.8,2.9,0.091,19.0
233,Derrick Rose,1.0,Memphis,College/University,20.0,CHI,PG,81.0,80.0,37.0,7.1,0.475,0.2,0.222,6.9,0.491,0.482,2.4,0.788,1.2,2.7,6.3,0.8,0.2,2.5,1.5,16.8,16.0,4.9,0.078,18.3
418,Kyle Korver,51.0,Creighton,College/University,22.0,PHI,SF,74.0,0.0,11.9,1.6,0.352,1.1,0.391,0.5,0.283,0.476,0.3,0.792,0.4,1.1,0.5,0.3,0.1,0.6,1.4,4.5,10.1,1.0,0.054,12.8
11,Henry Ellenson,18.0,Marquette,College/University,20.0,DET,PF,19.0,2.0,7.7,1.2,0.359,0.5,0.286,0.7,0.448,0.438,0.2,0.5,0.4,1.7,0.4,0.1,0.1,0.7,0.3,3.2,7.5,-0.2,-0.071,10.7
166,Jon Leuer,40.0,Wisconsin,College/University,22.0,MIL,PF,46.0,12.0,12.1,2.1,0.508,0.1,0.333,2.0,0.516,0.516,0.5,0.75,1.0,1.6,0.5,0.3,0.4,0.4,1.5,4.7,15.3,1.4,0.122,14.5
239,Eric Gordon,7.0,Indiana,College/University,20.0,LAC,SG,78.0,65.0,34.3,5.3,0.456,1.7,0.389,3.6,0.496,0.529,3.8,0.854,0.6,2.0,2.8,1.0,0.4,2.1,2.2,16.1,14.9,4.6,0.082,14.3
158,Reggie Jackson,24.0,Boston College,College/University,21.0,OKC,PG,45.0,0.0,11.1,1.1,0.321,0.3,0.21,0.8,0.392,0.362,0.6,0.862,0.3,0.9,1.6,0.6,0.0,0.8,0.7,3.1,9.2,0.1,0.011,15.8
488,Jason Collier,15.0,Georgia Tech,College/University,23.0,HOU,C,23.0,0.0,9.7,1.2,0.38,0.0,0.0,1.2,0.386,0.38,0.7,0.708,0.5,1.1,0.3,0.1,0.1,0.5,1.2,3.1,7.4,0.0,-0.001,11.7
404,Travis Outlaw,23.0,Starkville,High School,19.0,POR,PF,8.0,0.0,2.4,0.4,0.429,0.0,,0.4,0.429,0.429,0.3,0.5,0.3,0.3,0.1,0.1,0.0,0.1,0.1,1.0,16.4,0.0,0.067,13.1
471,Earl Watson,39.0,California-Los Angeles,College/University,22.0,SEA,PG,64.0,0.0,15.1,1.5,0.453,0.3,0.364,1.3,0.476,0.491,0.4,0.639,0.5,0.8,2.0,0.9,0.1,0.8,1.5,3.6,11.6,1.5,0.076,12.1
386,Trevor Ariza,43.0,California-Los Angeles,College/University,19.0,NYK,SF,80.0,12.0,17.3,2.2,0.442,0.0,0.231,2.1,0.449,0.446,1.5,0.695,1.1,1.9,1.1,0.9,0.2,0.9,1.9,5.9,13.3,2.1,0.073,13.2
87,Trey Burke,9.0,Michigan,College/University,21.0,UTA,PG,70.0,68.0,32.3,4.9,0.38,1.6,0.33,3.3,0.41,0.442,1.5,0.903,0.5,2.4,5.7,0.6,0.1,1.9,2.1,12.8,12.6,0.9,0.02,13.9
366,Josh Childress,6.0,Stanford,College/University,21.0,ATL,SG,80.0,44.0,29.7,3.8,0.47,0.2,0.232,3.6,0.493,0.481,2.4,0.823,2.4,3.6,1.9,0.9,0.4,1.3,2.3,10.1,15.2,4.6,0.093,15.6
301,JJ Redick,11.0,Duke,College/University,22.0,ORL,PG,42.0,0.0,14.8,1.9,0.41,0.9,0.388,1.0,0.433,0.508,1.3,0.9,0.2,1.0,0.9,0.3,0.0,0.5,1.2,6.0,13.0,1.7,0.134,14.9
300,Rudy Gay,8.0,Connecticut,College/University,20.0,MEM,SF,78.0,43.0,27.0,4.1,0.422,0.7,0.364,3.4,0.436,0.457,1.9,0.727,1.2,3.3,1.3,0.9,0.9,1.8,2.5,10.8,12.4,0.5,0.011,16.6
287,Carl Landry,31.0,Purdue,College/University,24.0,HOU,PF,42.0,0.0,16.9,3.2,0.616,0.0,0.0,3.2,0.619,0.616,1.7,0.661,2.3,2.6,0.5,0.4,0.2,0.6,2.3,8.1,21.4,3.7,0.251,17.5
159,MarShon Brooks,25.0,Providence,College/University,23.0,NJN,SG,56.0,47.0,29.4,4.9,0.428,0.8,0.313,4.1,0.463,0.465,2.0,0.764,1.3,2.3,2.3,0.9,0.3,2.1,2.1,12.6,12.9,0.8,0.022,13.9
258,Nikola Pekovic,31.0,KK Partizan,Other Team/Club,25.0,MIN,C,65.0,11.0,13.6,2.1,0.517,0.0,,2.1,0.517,0.517,1.3,0.763,1.4,1.6,0.4,0.3,0.5,1.4,2.8,5.5,11.2,0.6,0.035,18.6
357,Andray Blatche,49.0,South Kent School,High School,19.0,WAS,PF,29.0,0.0,6.0,0.9,0.388,0.1,0.231,0.8,0.426,0.41,0.3,0.833,0.4,0.9,0.3,0.2,0.2,0.4,1.2,2.2,10.1,0.1,0.026,16.8
453,Joe Johnson,10.0,Arkansas,College/University,20.0,TOT,SG,77.0,60.0,24.9,3.3,0.43,0.5,0.292,2.8,0.469,0.462,0.5,0.774,1.0,2.4,2.3,0.8,0.3,0.9,1.5,7.5,11.8,3.0,0.075,15.4
208,Brandon Jennings,10.0,Pallacanestro Virtus Roma,Other Team/Club,20.0,MIL,PG,82.0,82.0,32.6,5.5,0.371,1.8,0.374,3.7,0.37,0.431,2.7,0.817,0.6,2.8,5.7,1.3,0.2,2.4,2.3,15.5,14.5,4.2,0.075,15.7
333,Sean May,13.0,North Carolina,College/University,21.0,CHA,PF,23.0,1.0,17.3,3.0,0.409,0.0,0.0,3.0,0.422,0.409,2.1,0.766,1.8,2.9,1.0,0.7,0.5,1.4,2.5,8.2,15.3,0.4,0.047,14.9
67,T.J. Warren,14.0,North Carolina State,College/University,21.0,PHO,SF,40.0,1.0,15.4,2.8,0.528,0.1,0.238,2.7,0.56,0.54,0.4,0.737,1.0,1.1,0.6,0.5,0.2,0.7,1.3,6.1,14.0,1.1,0.085,16.7
149,Klay Thompson,11.0,Washington State,College/University,21.0,GSW,SG,66.0,29.0,24.4,4.8,0.443,1.7,0.414,3.1,0.46,0.52,1.2,0.868,0.4,2.1,2.0,0.7,0.3,1.6,2.3,12.5,14.9,1.7,0.05,16.4
238,Danilo Gallinari,6.0,Olimpia Milano,Other Team/Club,20.0,NYK,SG,28.0,2.0,14.7,2.0,0.448,1.1,0.444,0.9,0.453,0.576,0.9,0.963,0.5,1.5,0.5,0.5,0.1,0.5,1.7,6.1,13.4,1.0,0.119,17.1
17,Dejounte Murray,29.0,Washington,College/University,20.0,SAS,PG,38.0,8.0,8.5,1.3,0.431,0.2,0.391,1.1,0.441,0.47,0.6,0.7,0.2,0.9,1.3,0.2,0.2,1.0,0.8,3.4,9.6,0.0,0.004,15.6
84,Alex Len,5.0,Maryland,College/University,20.0,PHO,C,42.0,3.0,8.6,0.8,0.423,0.0,,0.8,0.423,0.423,0.5,0.645,0.9,1.4,0.1,0.1,0.4,0.6,1.6,2.0,7.3,0.2,0.024,15.4
397,Nick Collison,12.0,Kansas,College/University,24.0,SEA,C,82.0,4.0,17.0,2.3,0.537,0.0,0.0,2.3,0.541,0.537,1.0,0.703,1.9,2.7,0.4,0.4,0.6,0.8,3.1,5.6,15.0,3.9,0.135,13.2
141,Derrick Williams,2.0,Arizona,College/University,20.0,MIN,PF,66.0,15.0,21.5,3.1,0.412,0.6,0.268,2.5,0.467,0.449,2.1,0.697,1.2,3.5,0.6,0.5,0.5,1.2,1.4,8.8,12.9,1.8,0.059,13.4
294,Andrea Bargnani,1.0,Universo Treviso Basket,Other Team/Club,21.0,TOR,PF,65.0,2.0,25.1,4.1,0.427,1.5,0.373,2.6,0.468,0.507,1.8,0.824,0.8,3.1,0.8,0.5,0.8,1.6,2.8,11.6,12.8,1.9,0.057,14.4
425,Caron Butler,10.0,Connecticut,College/University,22.0,MIA,SF,78.0,78.0,36.6,5.5,0.416,0.4,0.318,5.1,0.427,0.432,4.0,0.824,1.7,3.4,2.7,1.8,0.4,2.5,2.9,15.4,15.1,5.1,0.086,15.0
245,Anthony Randolph,14.0,Louisiana State,College/University,19.0,GSW,PF,63.0,22.0,17.9,3.2,0.462,0.0,0.0,3.2,0.466,0.462,1.6,0.716,2.0,3.7,0.8,0.7,1.2,1.3,2.2,7.9,16.9,1.6,0.069,16.5
427,Melvin Ely,12.0,Fresno State,College/University,24.0,LAC,C,52.0,7.0,15.4,1.8,0.495,0.0,,1.8,0.495,0.495,1.0,0.703,1.2,2.1,0.3,0.2,0.6,1.0,1.8,4.5,10.8,0.8,0.048,10.6
234,Michael Beasley,2.0,Kansas State,College/University,20.0,MIA,PF,81.0,19.0,24.8,5.6,0.472,0.4,0.407,5.2,0.478,0.49,2.3,0.772,1.4,4.1,1.0,0.5,0.5,1.5,2.3,13.9,17.2,3.4,0.081,15.6
439,Carlos Boozer,34.0,Duke,College/University,21.0,CLE,PF,81.0,54.0,25.3,4.1,0.536,0.0,0.0,4.1,0.536,0.536,1.8,0.771,2.5,5.0,1.3,0.7,0.6,1.3,2.8,10.0,17.9,5.9,0.139,19.5
79,Nikola Jokic,41.0,KK Mega Leks,Other Team/Club,20.0,DEN,C,80.0,55.0,21.7,3.8,0.512,0.4,0.333,3.5,0.541,0.535,1.9,0.811,2.3,4.7,2.4,1.0,0.6,1.3,2.6,10.0,21.5,6.7,0.185,26.0
24,Karl-Anthony Towns,1.0,Kentucky,College/University,20.0,MIN,C,82.0,82.0,32.0,7.6,0.542,0.4,0.341,7.3,0.559,0.555,2.7,0.811,2.8,7.7,2.0,0.7,1.7,2.2,3.0,18.3,22.5,8.3,0.151,24.9
65,Dario Saric,12.0,KK Cibona,Other Team/Club,22.0,PHI,PF,81.0,36.0,26.3,4.7,0.411,1.3,0.311,3.4,0.469,0.468,2.1,0.782,1.4,5.0,2.2,0.7,0.4,2.3,2.0,12.8,12.8,1.0,0.023,14.0
114,Thomas Robinson,5.0,Kansas,College/University,21.0,TOT,PF,70.0,0.0,15.1,2.0,0.43,0.0,0.0,2.0,0.431,0.43,0.8,0.523,1.7,2.8,0.7,0.6,0.4,1.3,1.8,4.8,10.9,-0.1,-0.002,14.0
227,Jonas Jerebko,39.0,Pallacanestro Biella,Other Team/Club,22.0,DET,PF,80.0,73.0,27.9,3.6,0.481,0.5,0.313,3.2,0.52,0.511,1.6,0.71,2.4,3.6,0.7,1.0,0.4,1.0,2.9,9.3,13.9,4.4,0.095,13.2
235,O.J. Mayo,3.0,Southern California,College/University,21.0,MEM,SG,82.0,82.0,38.0,6.9,0.438,1.8,0.384,5.1,0.461,0.495,3.0,0.879,0.7,3.1,3.2,1.1,0.2,2.8,2.5,18.5,14.2,3.4,0.052,13.4
487,Mateen Cleaves,14.0,Michigan State,College/University,23.0,DET,PG,78.0,8.0,16.3,2.1,0.4,0.1,0.294,2.0,0.405,0.406,1.2,0.708,0.3,1.4,2.7,0.6,0.0,1.8,2.0,5.4,9.0,-0.1,-0.006,8.5
450,Shane Battier,6.0,Duke,College/University,23.0,MEM,SF,78.0,78.0,39.7,5.3,0.429,1.3,0.373,4.0,0.451,0.482,2.5,0.7,2.3,3.1,2.8,1.6,1.0,2.0,2.8,14.4,13.9,4.8,0.074,12.6
180,Al-Farouq Aminu,8.0,Wake Forest,College/University,20.0,LAC,SF,81.0,14.0,17.9,2.0,0.394,0.6,0.315,1.4,0.437,0.45,1.1,0.773,0.9,2.4,0.7,0.7,0.3,1.3,1.5,5.6,9.6,0.7,0.022,12.2
434,Tayshaun Prince,23.0,Kentucky,College/University,22.0,DET,SF,42.0,5.0,10.4,1.3,0.449,0.5,0.426,0.8,0.465,0.534,0.3,0.647,0.1,1.0,0.6,0.2,0.3,0.5,0.6,3.3,11.7,0.8,0.084,13.7
441,Matt Barnes,45.0,California-Los Angeles,College/University,23.0,LAC,SF,38.0,9.0,19.1,1.7,0.457,0.1,0.154,1.6,0.488,0.464,1.1,0.705,1.4,2.6,1.3,0.7,0.1,1.2,2.0,4.5,10.6,0.7,0.045,12.7
344,Jason Maxiell,26.0,Cincinnati,College/University,22.0,DET,PF,26.0,0.0,6.1,0.9,0.426,0.0,,0.9,0.426,0.426,0.5,0.333,0.5,0.6,0.1,0.2,0.2,0.4,0.5,2.3,8.0,-0.2,-0.054,13.0
408,Josh Howard,29.0,Wake Forest,College/University,23.0,DAL,SF,67.0,29.0,23.7,3.4,0.43,0.3,0.303,3.1,0.448,0.449,1.4,0.703,2.2,3.3,1.4,1.0,0.8,1.0,2.5,8.6,15.7,3.5,0.104,16.7
202,Hasheem Thabeet,2.0,Connecticut,College/University,22.0,MEM,C,68.0,13.0,13.0,1.1,0.588,0.0,,1.1,0.588,0.588,0.8,0.581,1.3,2.3,0.2,0.2,1.3,0.6,2.4,3.1,12.9,2.0,0.109,10.3
222,Wayne Ellington,28.0,North Carolina,College/University,22.0,MIN,SG,76.0,1.0,18.2,2.5,0.424,0.8,0.395,1.7,0.441,0.496,0.8,0.871,0.4,1.7,1.0,0.3,0.1,1.0,0.9,6.6,9.6,0.4,0.014,11.1
314,James White,31.0,Cincinnati,College/University,24.0,SAS,SG,6.0,2.0,22.8,3.0,0.439,0.3,0.286,2.7,0.471,0.463,2.0,0.8,0.5,2.8,0.8,0.5,0.2,0.8,1.2,8.3,12.1,0.3,0.108,9.9
219,Byron Mullens,24.0,Ohio State,College/University,20.0,OKC,PF,13.0,0.0,4.2,0.5,0.368,0.0,,0.5,0.368,0.368,0.0,,0.2,0.5,0.1,0.2,0.0,0.3,1.0,1.1,0.7,-0.1,-0.077,12.2
445,Kwame Brown,1.0,Glynn Academy,High School,19.0,WAS,PF,57.0,3.0,14.3,1.6,0.387,0.0,0.0,1.6,0.388,0.387,1.2,0.707,1.1,2.4,0.8,0.3,0.5,0.8,1.8,4.5,11.2,0.8,0.048,12.5
330,Channing Frye,8.0,Arizona,College/University,22.0,NYK,C,65.0,14.0,24.2,4.7,0.477,0.0,0.333,4.6,0.479,0.479,2.9,0.825,2.1,3.6,0.8,0.5,0.7,1.5,3.1,12.3,18.1,3.5,0.108,13.3
402,Dahntay Jones,20.0,Duke,College/University,23.0,MEM,SG,20.0,0.0,7.7,0.8,0.283,0.1,0.25,0.7,0.286,0.292,0.3,0.455,0.4,0.8,0.6,0.3,0.3,0.6,1.2,1.8,2.5,-0.4,-0.114,9.5
104,Isaiah Canaan,34.0,Murray State,College/University,22.0,HOU,PG,22.0,0.0,11.5,1.4,0.356,0.8,0.327,0.6,0.406,0.46,1.0,0.724,0.3,0.8,1.0,0.4,0.2,1.0,1.1,4.6,9.5,0.2,0.031,10.7
417,James Jones,49.0,Miami (FL),College/University,23.0,IND,SF,6.0,0.0,4.3,0.3,0.222,0.2,0.25,0.2,0.2,0.278,0.3,1.0,0.0,0.3,0.0,0.2,0.0,0.0,0.2,1.2,4.9,0.0,0.01,11.3
179,Greg Monroe,7.0,Georgetown,College/University,20.0,DET,C,80.0,48.0,27.8,3.8,0.551,0.0,0.0,3.8,0.552,0.551,1.8,0.622,3.1,4.4,1.3,1.2,0.6,1.0,2.5,9.4,18.0,6.6,0.143,20.1
247,Marreese Speights,16.0,Florida,College/University,21.0,PHI,C,79.0,2.0,16.0,3.2,0.502,0.0,0.25,3.2,0.506,0.504,1.3,0.773,1.6,2.2,0.4,0.3,0.7,0.6,2.3,7.7,17.9,3.8,0.146,16.7
135,Khris Middleton,39.0,Texas A&M,College/University,21.0,DET,SG,27.0,0.0,17.6,2.3,0.44,0.5,0.311,1.8,0.5,0.489,1.0,0.844,0.1,1.7,1.0,0.6,0.1,0.4,2.0,6.1,11.4,0.9,0.089,16.5
292,Aaron Gray,49.0,Pittsburgh,College/University,23.0,CHI,C,61.0,1.0,10.0,1.7,0.505,0.0,0.0,1.7,0.507,0.505,0.9,0.566,1.1,1.6,0.7,0.3,0.3,0.9,1.9,4.3,13.9,0.8,0.066,11.5
156,Kenneth Faried,22.0,Morehead State,College/University,22.0,DEN,PF,46.0,39.0,22.5,3.9,0.586,0.0,,3.9,0.586,0.586,2.4,0.665,3.1,4.6,0.8,0.7,1.0,1.2,2.5,10.2,21.9,4.6,0.212,19.7
256,George Hill,26.0,IUPUI,College/University,22.0,SAS,PG,77.0,7.0,16.5,1.9,0.403,0.3,0.329,1.6,0.421,0.435,1.5,0.781,0.4,1.7,1.8,0.6,0.3,1.0,1.9,5.7,11.6,2.1,0.08,15.0
346,Ian Mahinmi,28.0,STB Le Havre,Other Team/Club,21.0,SAS,C,6.0,0.0,3.8,1.0,0.5,0.0,,1.0,0.5,0.5,1.5,1.0,0.0,0.8,0.2,0.0,0.7,0.3,0.7,3.5,35.3,0.2,0.372,13.0
73,Clint Capela,25.0,Elan Chalon,Other Team/Club,20.0,HOU,C,12.0,0.0,7.5,1.2,0.483,0.0,,1.2,0.483,0.483,0.3,0.174,0.8,2.2,0.2,0.1,0.8,0.4,1.2,2.7,12.1,0.0,0.019,22.4
40,Jerian Grant,19.0,Notre Dame,College/University,23.0,NYK,PG,76.0,6.0,16.6,2.0,0.394,0.3,0.22,1.7,0.454,0.422,1.3,0.78,0.3,1.6,2.3,0.7,0.1,1.1,1.3,5.6,11.2,0.8,0.03,12.5
182,Paul George,10.0,Fresno State,College/University,20.0,IND,SG,61.0,19.0,20.7,2.9,0.453,0.7,0.297,2.3,0.537,0.505,1.3,0.762,0.6,3.1,1.1,1.0,0.4,1.1,2.1,7.8,13.0,2.4,0.091,19.4
411,Steve Blake,38.0,Maryland,College/University,23.0,WAS,PG,75.0,14.0,18.6,2.1,0.386,1.0,0.371,1.1,0.4,0.478,0.7,0.821,0.2,1.3,2.8,0.8,0.1,1.7,1.3,5.9,10.9,0.7,0.026,11.1
207,DeMar DeRozan,9.0,Southern California,College/University,20.0,TOR,SG,77.0,65.0,21.6,3.3,0.498,0.1,0.25,3.3,0.506,0.502,1.9,0.763,0.9,2.0,0.7,0.6,0.2,0.8,2.3,8.6,12.5,2.3,0.066,18.5
378,Tony Allen,25.0,Oklahoma State,College/University,23.0,BOS,SG,77.0,34.0,16.4,2.4,0.475,0.2,0.387,2.2,0.483,0.491,1.5,0.737,1.1,1.8,0.8,1.0,0.3,1.0,2.0,6.4,14.7,2.7,0.103,14.2
489,Hedo Turkoglu,16.0,Anadolu Efes S.K.,Other Team/Club,21.0,SAC,SF,74.0,7.0,16.8,1.9,0.412,0.4,0.326,1.5,0.442,0.454,1.2,0.777,0.7,2.2,0.9,0.7,0.3,0.7,1.9,5.3,11.7,2.8,0.106,14.3
335,Joey Graham,16.0,Oklahoma State,College/University,23.0,TOR,SF,80.0,24.0,19.8,2.5,0.478,0.4,0.333,2.1,0.517,0.513,1.4,0.812,0.7,2.3,0.8,0.5,0.2,1.2,2.9,6.7,10.2,1.3,0.038,11.0
485,Jerome Moiso,11.0,California-Los Angeles,College/University,22.0,BOS,C,24.0,0.0,5.6,0.5,0.4,0.0,0.0,0.5,0.414,0.4,0.5,0.423,0.5,1.3,0.1,0.1,0.2,0.8,1.2,1.5,3.2,-0.3,-0.096,12.1
224,Jeff Ayres,31.0,Arizona State,College/University,22.0,POR,C,39.0,4.0,10.4,1.1,0.662,0.0,,1.1,0.662,0.662,0.5,0.9,0.6,1.9,0.0,0.2,0.4,0.3,1.9,2.7,12.1,1.3,0.156,12.4
379,Kevin Martin,26.0,Western Carolina,College/University,21.0,SAC,PG,45.0,0.0,10.1,1.0,0.385,0.1,0.2,0.9,0.435,0.406,0.8,0.655,0.6,0.6,0.5,0.4,0.1,0.5,0.8,2.9,8.7,0.1,0.016,17.7
69,Gary Harris,19.0,Michigan State,College/University,20.0,DEN,SG,55.0,6.0,13.1,1.2,0.304,0.4,0.204,0.8,0.395,0.353,0.6,0.745,0.4,0.8,0.5,0.7,0.1,0.7,1.3,3.4,4.9,-0.7,-0.046,12.7
83,Cody Zeller,4.0,Indiana,College/University,21.0,CHA,C,82.0,3.0,17.3,2.1,0.426,0.0,0.0,2.1,0.427,0.426,1.8,0.73,1.4,2.9,1.1,0.5,0.5,1.1,2.1,6.0,13.1,2.6,0.09,16.2
406,Kendrick Perkins,27.0,Clifton J. Ozen,High School,19.0,BOS,C,10.0,0.0,3.5,0.8,0.533,0.0,,0.8,0.533,0.533,0.6,0.667,0.5,0.9,0.3,0.0,0.2,0.5,0.6,2.2,22.8,0.1,0.145,10.7
32,Frank Kaminsky,9.0,Wisconsin,College/University,22.0,CHO,C,81.0,3.0,21.1,2.7,0.41,0.8,0.337,1.8,0.455,0.474,1.3,0.73,0.9,3.3,1.2,0.5,0.5,0.7,1.6,7.5,12.5,3.3,0.093,14.0
3,Buddy Hield,6.0,Oklahoma,College/University,24.0,TOT,SG,82.0,55.0,23.0,4.0,0.426,1.8,0.391,2.2,0.461,0.523,0.8,0.842,0.4,2.9,1.5,0.5,0.1,1.2,1.4,10.6,11.8,1.3,0.032,15.0
168,Andrew Goudelock,46.0,College of Charleston,College/University,23.0,LAL,SG,40.0,0.0,10.5,1.7,0.391,0.7,0.373,1.0,0.404,0.471,0.3,0.917,0.1,0.7,0.5,0.1,0.0,0.5,0.8,4.4,8.4,0.1,0.011,8.6
13,Caris LeVert,20.0,Michigan,College/University,22.0,BRK,SF,57.0,26.0,21.7,3.0,0.45,1.0,0.321,2.0,0.571,0.528,1.2,0.72,0.4,2.9,1.9,0.9,0.1,1.0,1.6,8.2,12.3,1.8,0.07,15.1
196,Greivis Vasquez,28.0,Maryland,College/University,24.0,MEM,PG,70.0,1.0,12.3,1.4,0.408,0.4,0.291,1.0,0.476,0.461,0.5,0.773,0.2,0.9,2.2,0.3,0.1,1.0,1.2,3.6,9.4,0.5,0.03,13.7
414,Keith Bogans,43.0,Kentucky,College/University,23.0,ORL,SF,73.0,36.0,24.5,2.5,0.403,0.9,0.358,1.6,0.434,0.477,0.9,0.631,1.5,2.9,1.3,0.6,0.1,1.0,1.8,6.8,11.0,1.3,0.034,9.6
70,Bruno Caboclo,20.0,Esporte Clube Pinheiros,Other Team/Club,19.0,TOR,SF,8.0,0.0,2.9,0.5,0.333,0.3,0.667,0.3,0.222,0.417,0.0,,0.1,0.1,0.0,0.0,0.1,0.5,0.4,1.3,-1.8,-0.1,-0.275,11.3
289,Josh McRoberts,37.0,Duke,College/University,20.0,POR,PF,8.0,0.0,3.5,0.8,0.6,0.0,0.0,0.8,0.667,0.6,0.0,,0.3,1.0,0.3,0.1,0.0,0.3,0.1,1.5,20.3,0.1,0.131,13.2
369,Andris Biedrins,11.0,BK Skonto,Other Team/Club,18.0,GSW,C,30.0,1.0,12.8,1.5,0.577,0.0,0.0,1.5,0.584,0.577,0.6,0.475,1.6,2.4,0.4,0.4,0.8,0.4,2.9,3.6,14.8,1.2,0.154,15.3
362,Emeka Okafor,2.0,Connecticut,College/University,22.0,CHA,PF,73.0,73.0,35.6,6.1,0.447,0.0,0.0,6.1,0.447,0.447,2.9,0.609,3.8,7.1,0.9,0.8,1.7,1.7,2.9,15.1,16.3,4.0,0.074,17.0
491,Quentin Richardson,18.0,DePaul,College/University,20.0,LAC,SG,76.0,28.0,17.9,3.1,0.442,0.7,0.331,2.4,0.487,0.49,1.3,0.627,1.4,2.0,0.8,0.6,0.1,0.8,1.3,8.1,16.5,3.0,0.106,12.9
457,Steven Hunter,15.0,DePaul,College/University,20.0,ORL,C,53.0,21.0,9.7,1.3,0.456,0.0,,1.3,0.456,0.456,1.0,0.585,0.8,1.1,0.1,0.1,0.8,0.3,1.5,3.6,12.9,1.0,0.094,13.0
460,Zach Randolph,19.0,Michigan State,College/University,20.0,POR,PF,41.0,0.0,5.8,1.2,0.449,0.0,,1.2,0.449,0.449,0.4,0.667,0.8,0.9,0.3,0.2,0.1,0.4,0.7,2.8,16.9,0.5,0.098,19.3
332,Andrew Bynum,10.0,Saint Joseph,High School,18.0,LAL,C,46.0,0.0,7.3,0.7,0.402,0.0,,0.7,0.402,0.402,0.2,0.296,0.7,1.0,0.2,0.1,0.5,0.4,1.2,1.6,7.4,0.1,0.007,19.6
403,Boris Diaw,21.0,Elan Bearnais Pau-Orthez,Other Team/Club,21.0,ATL,SG,76.0,37.0,25.3,1.8,0.447,0.1,0.231,1.8,0.467,0.457,0.7,0.602,1.5,3.0,2.4,0.8,0.5,1.7,2.5,4.5,8.8,0.8,0.021,12.9
435,Nenad Krstic,24.0,KK Partizan,Other Team/Club,21.0,NJN,PF,75.0,57.0,26.2,3.7,0.493,0.0,0.0,3.7,0.495,0.493,2.5,0.725,2.1,3.2,1.0,0.4,0.8,1.5,3.7,10.0,13.4,4.4,0.108,13.6
290,Kyrylo Fesenko,38.0,Cherkaski Mavpy,Other Team/Club,21.0,UTA,C,9.0,0.0,7.8,0.7,0.375,0.0,,0.7,0.375,0.375,0.2,0.5,1.6,1.2,0.2,0.0,0.3,0.9,2.1,1.6,4.0,0.0,-0.031,8.5
505,Jason Hart,49.0,Syracuse,College/University,22.0,MIL,PG,1.0,0.0,10.0,1.0,1.0,0.0,,1.0,1.0,1.0,0.0,,0.0,0.0,1.0,0.0,0.0,2.0,0.0,2.0,1.7,0.0,-0.159,12.2
90,Steven Adams,12.0,Pittsburgh,College/University,20.0,OKC,C,81.0,20.0,14.8,1.1,0.503,0.0,,1.1,0.503,0.503,1.0,0.581,1.8,2.3,0.5,0.5,0.7,0.9,2.5,3.3,11.2,2.9,0.114,17.0
348,Brandon Bass,33.0,Louisiana State,College/University,20.0,NOK,PF,29.0,1.0,9.2,1.0,0.4,0.0,,1.0,0.4,0.4,0.4,0.632,0.6,1.7,0.1,0.1,0.2,0.4,0.6,2.3,9.1,0.1,0.013,15.3
110,Anthony Davis,1.0,Kentucky,College/University,19.0,NOH,PF,64.0,60.0,28.8,5.5,0.516,0.0,0.0,5.5,0.521,0.516,2.6,0.751,2.6,5.6,1.0,1.2,1.8,1.4,2.5,13.5,21.7,6.1,0.159,27.1
278,Marco Belinelli,18.0,Fortitudo Pallacanestro Bologna,Other Team/Club,21.0,GSW,SG,33.0,0.0,7.3,1.1,0.387,0.5,0.39,0.6,0.385,0.473,0.2,0.778,0.1,0.3,0.5,0.2,0.0,0.4,0.5,2.9,8.2,0.0,-0.002,12.2
446,Tyson Chandler,2.0,Dominguez,High School,19.0,CHI,C,71.0,31.0,19.6,2.1,0.497,0.0,,2.1,0.497,0.497,1.9,0.604,1.6,3.2,0.8,0.4,1.3,1.4,2.5,6.1,13.0,1.8,0.062,16.1
138,Darius Miller,46.0,Kentucky,College/University,22.0,NOH,SF,52.0,2.0,13.3,0.8,0.407,0.4,0.393,0.4,0.423,0.509,0.2,1.0,0.2,1.3,0.8,0.3,0.2,0.4,1.7,2.3,6.3,0.5,0.034,8.7
319,Daniel Gibson,42.0,Texas,College/University,20.0,CLE,PG,60.0,16.0,16.5,1.6,0.424,0.9,0.419,0.8,0.43,0.537,0.5,0.718,0.5,1.1,1.2,0.4,0.1,0.7,1.6,4.6,9.4,2.0,0.098,10.8
396,Mickael Pietrus,11.0,Elan Bearnais Pau-Orthez,Other Team/Club,21.0,GSW,PG,53.0,22.0,14.1,1.8,0.416,0.7,0.333,1.2,0.484,0.491,1.0,0.693,0.9,1.3,0.5,0.6,0.2,0.8,1.9,5.3,12.9,1.5,0.095,11.6
415,Matt Bonner,45.0,Florida,College/University,24.0,TOR,C,82.0,0.0,18.9,3.0,0.533,0.5,0.424,2.5,0.561,0.576,0.7,0.789,1.3,2.2,0.6,0.5,0.2,0.5,2.7,7.2,14.7,4.2,0.13,13.6
193,Trevor Booker,23.0,Clemson,College/University,23.0,WAS,PF,65.0,14.0,16.4,2.1,0.549,0.0,0.0,2.1,0.552,0.549,1.0,0.673,1.5,2.4,0.5,0.4,0.6,0.6,1.8,5.3,15.3,2.6,0.119,15.0
279,Jason Smith,20.0,Colorado State,College/University,21.0,PHI,PF,76.0,1.0,14.6,1.9,0.455,0.1,0.286,1.8,0.463,0.461,0.7,0.659,1.0,2.0,0.3,0.3,0.7,0.6,1.9,4.5,10.7,1.5,0.067,12.9
137,Mike Scott,43.0,Virginia,College/University,24.0,ATL,PF,40.0,1.0,9.4,1.8,0.476,0.0,0.0,1.8,0.479,0.476,1.1,0.768,1.0,1.8,0.3,0.1,0.1,0.5,0.8,4.6,16.3,0.9,0.11,12.3
492,Jamaal Magloire,19.0,Kentucky,College/University,22.0,CHH,C,74.0,0.0,14.8,1.6,0.45,0.0,0.0,1.6,0.454,0.45,1.3,0.655,1.4,2.6,0.4,0.2,1.1,0.8,1.9,4.6,13.4,2.6,0.114,13.5
163,Jimmy Butler,30.0,Marquette,College/University,22.0,CHI,SG,42.0,0.0,8.5,0.8,0.405,0.0,0.182,0.7,0.441,0.418,1.0,0.768,0.5,0.8,0.3,0.3,0.1,0.3,0.5,2.6,12.5,1.1,0.144,20.9
100,Reggie Bullock,25.0,North Carolina,College/University,22.0,LAC,SF,43.0,0.0,9.2,1.0,0.355,0.5,0.301,0.5,0.438,0.446,0.2,0.778,0.3,1.0,0.3,0.2,0.0,0.3,0.6,2.7,6.7,0.2,0.019,11.0
253,Courtney Lee,22.0,Western Kentucky,College/University,23.0,ORL,SG,77.0,42.0,25.2,3.2,0.45,1.1,0.404,2.1,0.478,0.526,1.0,0.83,0.2,2.1,1.2,1.0,0.2,0.9,2.0,8.4,10.7,4.4,0.108,12.2
52,Pat Connaughton,41.0,Notre Dame,College/University,23.0,POR,SG,34.0,0.0,4.2,0.4,0.265,0.1,0.238,0.2,0.286,0.316,0.1,1.0,0.3,0.6,0.3,0.1,0.0,0.3,0.2,1.1,4.6,-0.2,-0.076,11.2
282,Wilson Chandler,23.0,DePaul,College/University,20.0,NYK,SF,35.0,16.0,19.6,3.0,0.438,0.3,0.3,2.8,0.458,0.457,1.0,0.63,1.1,2.5,0.9,0.4,0.5,0.8,2.4,7.3,11.7,0.5,0.038,12.8
88,CJ McCollum,10.0,Lehigh,College/University,22.0,POR,SG,38.0,0.0,12.5,1.9,0.416,0.8,0.375,1.2,0.449,0.5,0.6,0.676,0.2,1.1,0.7,0.4,0.1,0.9,1.4,5.3,9.0,0.2,0.019,17.5
443,Darius Songaila,49.0,Wake Forest,College/University,25.0,SAC,PF,73.0,7.0,13.4,1.8,0.487,0.0,,1.8,0.487,0.487,1.0,0.807,1.2,1.8,0.7,0.6,0.2,0.6,1.7,4.6,14.6,2.6,0.129,13.3
189,Kevin Seraphin,17.0,Cholet Basket,Other Team/Club,21.0,WAS,PF,58.0,1.0,10.9,1.1,0.449,0.0,,1.1,0.449,0.449,0.4,0.71,1.4,1.2,0.2,0.3,0.5,0.7,2.2,2.7,8.4,0.2,0.017,12.1
228,Jodie Meeks,41.0,Kentucky,College/University,22.0,TOT,SG,60.0,0.0,12.0,1.7,0.388,0.7,0.318,1.0,0.456,0.466,0.5,0.795,0.2,1.5,0.7,0.3,0.1,0.4,0.9,4.7,10.8,0.9,0.06,12.8
34,Myles Turner,11.0,Texas,College/University,19.0,IND,C,60.0,30.0,22.8,4.4,0.498,0.1,0.214,4.4,0.506,0.501,1.5,0.727,1.1,4.4,0.7,0.4,1.4,1.1,2.6,10.3,15.4,3.1,0.109,16.7
424,Amar'e Stoudemire,9.0,Cypress Creek,High School,20.0,PHO,PF,82.0,71.0,31.3,4.8,0.472,0.0,0.2,4.8,0.476,0.473,3.9,0.661,3.0,5.7,1.0,0.8,1.1,2.3,3.3,13.5,16.2,6.2,0.116,21.8
45,Tyus Jones,24.0,Duke,College/University,19.0,MIN,PG,37.0,0.0,15.5,1.5,0.359,0.4,0.302,1.1,0.388,0.41,0.8,0.718,0.2,1.1,2.9,0.8,0.1,0.9,0.9,4.2,11.2,0.3,0.027,14.2
35,Trey Lyles,12.0,Kentucky,College/University,20.0,UTA,PF,80.0,33.0,17.3,2.4,0.438,0.6,0.383,1.8,0.461,0.494,0.7,0.695,0.7,3.0,0.7,0.3,0.2,0.8,1.4,6.1,11.6,2.3,0.079,13.0
221,DeMarre Carroll,27.0,Missouri,College/University,23.0,MEM,SF,71.0,1.0,11.2,1.2,0.396,0.0,0.0,1.2,0.407,0.396,0.5,0.623,0.7,1.4,0.5,0.4,0.1,0.3,1.5,2.9,8.5,0.5,0.031,13.3
201,Jeremy Evans,55.0,Western Kentucky,College/University,23.0,UTA,SF,49.0,3.0,9.4,1.6,0.661,0.0,0.0,1.6,0.667,0.661,0.5,0.703,0.7,1.2,0.5,0.3,0.3,0.4,1.0,3.6,18.8,1.6,0.167,17.3
94,Dennis Schroder,17.0,Basketball Lowen Braunschweig,Other Team/Club,20.0,ATL,PG,49.0,0.0,13.1,1.5,0.383,0.2,0.238,1.3,0.425,0.41,0.6,0.674,0.1,1.1,1.9,0.3,0.0,1.2,1.1,3.7,5.8,-0.7,-0.054,15.0
350,Ersan Ilyasova,36.0,Ulkerspor,Other Team/Club,19.0,MIL,PF,66.0,14.0,14.7,2.1,0.383,0.8,0.365,1.3,0.395,0.457,1.1,0.787,0.9,2.0,0.7,0.4,0.3,0.8,2.2,6.1,12.1,1.0,0.051,15.4
187,Larry Sanders,15.0,Virginia Commonwealth,College/University,22.0,MIL,C,60.0,12.0,14.5,1.9,0.433,0.0,,1.9,0.433,0.433,0.5,0.56,1.0,2.0,0.3,0.4,1.2,0.6,2.0,4.3,11.0,1.0,0.057,15.4
477,Darius Miles,3.0,East St. Louis,High School,19.0,LAC,SF,81.0,21.0,26.3,3.9,0.505,0.0,0.053,3.9,0.519,0.506,1.5,0.521,1.6,4.3,1.2,0.6,1.5,1.8,2.3,9.4,14.7,3.0,0.068,13.9
132,Jae Crowder,34.0,Marquette,College/University,22.0,DAL,SF,78.0,16.0,17.3,1.8,0.384,0.8,0.328,1.0,0.446,0.47,0.6,0.644,0.4,1.9,1.2,0.8,0.2,0.6,1.6,5.0,10.2,1.5,0.055,12.8
1,Jaylen Brown,3.0,California,College/University,20.0,BOS,SF,78.0,20.0,17.2,2.5,0.454,0.6,0.341,1.9,0.507,0.508,1.1,0.685,0.6,2.2,0.8,0.4,0.2,0.9,1.8,6.6,10.3,1.5,0.053,15.1
93,Giannis Antetokounmpo,15.0,Basket Zaragoza 2002,Other Team/Club,19.0,MIL,SF,77.0,23.0,24.6,2.2,0.414,0.5,0.347,1.7,0.44,0.463,1.8,0.683,1.0,3.4,1.9,0.8,0.8,1.6,2.2,6.8,10.8,1.2,0.031,23.7
318,Craig Smith,36.0,Boston College,College/University,23.0,MIN,PF,82.0,5.0,18.7,3.0,0.531,0.0,0.0,3.0,0.538,0.531,1.4,0.624,1.8,3.3,0.6,0.6,0.2,0.9,2.7,7.4,15.7,3.9,0.121,16.2
113,Dion Waiters,4.0,Syracuse,College/University,21.0,CLE,SG,61.0,48.0,28.8,5.5,0.412,1.0,0.31,4.5,0.446,0.451,2.6,0.746,0.4,2.1,3.0,1.0,0.3,2.0,1.9,14.7,13.7,0.9,0.026,12.0
242,Jerryd Bayless,11.0,Arizona,College/University,20.0,POR,PG,53.0,0.0,12.4,1.3,0.365,0.1,0.259,1.2,0.383,0.384,1.6,0.806,0.2,0.9,1.5,0.3,0.0,1.1,1.5,4.3,8.2,0.3,0.019,12.2
343,Johan Petro,25.0,Elan Bearnais Pau-Orthez,Other Team/Club,20.0,SEA,C,68.0,41.0,18.9,2.3,0.51,0.0,,2.3,0.51,0.51,0.7,0.627,1.6,2.8,0.2,0.4,0.8,0.9,3.1,5.2,10.4,1.0,0.037,10.4
241,Brook Lopez,10.0,Stanford,College/University,20.0,NJN,C,82.0,75.0,30.5,5.5,0.531,0.0,0.0,5.5,0.532,0.531,2.1,0.793,2.7,5.4,1.0,0.5,1.8,1.8,3.1,13.0,17.9,5.8,0.112,19.3
203,James Harden,3.0,Arizona State,College/University,20.0,OKC,SG,76.0,0.0,22.9,3.1,0.403,1.2,0.375,1.8,0.424,0.484,2.6,0.808,0.6,2.6,1.8,1.1,0.3,1.4,2.6,9.9,14.0,4.5,0.124,24.8
218,Omri Casspi,23.0,Maccabi Tel Aviv B.C.,Other Team/Club,21.0,SAC,SF,77.0,31.0,25.1,3.9,0.446,1.0,0.369,2.9,0.48,0.502,1.5,0.672,1.0,3.6,1.2,0.7,0.2,1.3,1.6,10.3,13.0,2.5,0.063,13.0
281,Jared Dudley,22.0,Boston College,College/University,22.0,CHA,PF,73.0,14.0,19.0,2.2,0.468,0.1,0.22,2.1,0.502,0.481,1.2,0.737,1.7,2.3,1.1,0.8,0.1,0.7,1.8,5.8,13.6,2.9,0.1,12.5
506,Kaniel Dickens,50.0,Idaho,College/University,25.0,POR,PF,3.0,0.0,4.0,1.0,1.0,0.0,,1.0,1.0,1.0,0.3,0.5,0.7,0.0,0.0,0.0,0.0,0.3,1.0,2.3,23.1,0.0,0.18,9.0
237,Kevin Love,5.0,California-Los Angeles,College/University,20.0,MIN,C,81.0,37.0,25.3,3.9,0.459,0.0,0.105,3.9,0.469,0.461,3.3,0.789,3.4,5.7,1.0,0.4,0.6,1.5,2.5,11.1,18.3,5.3,0.124,21.4
62,Noah Vonleh,9.0,Indiana,College/University,19.0,CHO,PF,25.0,0.0,10.4,1.2,0.395,0.2,0.385,1.0,0.397,0.428,0.7,0.692,1.1,2.3,0.2,0.2,0.4,0.4,0.8,3.3,13.2,0.5,0.085,12.0
26,Jahlil Okafor,3.0,Duke,College/University,20.0,PHI,C,53.0,48.0,30.0,7.5,0.508,0.0,0.167,7.5,0.511,0.509,2.5,0.686,2.3,4.7,1.2,0.4,1.2,2.3,2.6,17.5,17.1,1.2,0.037,16.4
77,Jerami Grant,39.0,Syracuse,College/University,20.0,PHI,SF,65.0,11.0,21.2,1.9,0.352,0.8,0.314,1.2,0.383,0.422,1.8,0.591,0.8,2.3,1.2,0.6,1.0,1.3,2.2,6.3,8.7,0.5,0.019,13.5
139,Kyle O'Quinn,49.0,Norfolk State,College/University,22.0,ORL,C,57.0,5.0,11.2,1.8,0.513,0.0,0.0,1.8,0.515,0.513,0.5,0.667,1.1,2.5,0.9,0.2,0.5,0.6,1.9,4.1,15.8,1.4,0.107,17.9
462,Gerald Wallace,25.0,Alabama,College/University,19.0,SAC,SF,54.0,1.0,8.0,1.4,0.429,0.0,0.0,1.4,0.446,0.429,0.4,0.5,0.9,0.7,0.5,0.4,0.1,0.4,0.9,3.2,13.3,0.6,0.071,16.3
352,Travis Diener,38.0,Marquette,College/University,23.0,ORL,PG,23.0,0.0,10.7,1.3,0.42,1.1,0.439,0.2,0.333,0.601,0.2,0.833,0.2,0.7,0.7,0.3,0.0,0.4,1.0,3.8,12.6,0.6,0.115,12.5
466,Trenton Hassell,29.0,Austin Peay,College/University,22.0,CHI,SG,78.0,47.0,28.7,3.4,0.425,0.8,0.364,2.7,0.447,0.473,1.1,0.763,0.8,2.4,2.2,0.7,0.6,1.3,2.4,8.7,10.4,1.5,0.033,8.4
303,Thabo Sefolosha,13.0,Pallacanestro Biella,Other Team/Club,22.0,CHI,SG,71.0,4.0,12.2,1.5,0.426,0.2,0.357,1.3,0.439,0.455,0.3,0.511,0.5,1.7,0.8,0.5,0.2,0.8,1.4,3.6,8.5,0.8,0.047,11.4
500,Eddie House,37.0,Arizona State,College/University,22.0,MIA,PG,50.0,0.0,11.0,2.1,0.421,0.4,0.345,1.7,0.443,0.46,0.5,0.686,0.1,0.7,1.0,0.3,0.0,0.7,1.2,5.0,11.6,0.4,0.035,13.2
23,Georges Niang,50.0,Iowa State,College/University,23.0,IND,PF,23.0,0.0,4.0,0.4,0.25,0.0,0.083,0.3,0.333,0.264,0.1,1.0,0.1,0.7,0.2,0.1,0.0,0.2,0.3,0.9,0.1,-0.3,-0.168,11.4
171,E'Twaun Moore,55.0,Purdue,College/University,22.0,BOS,PG,38.0,0.0,8.7,1.1,0.381,0.4,0.378,0.7,0.382,0.456,0.2,1.0,0.1,0.8,0.9,0.3,0.1,0.6,0.9,2.9,8.8,0.2,0.031,11.4
262,Chris Douglas-Roberts,40.0,Memphis,College/University,22.0,NJN,SG,44.0,3.0,13.3,1.8,0.46,0.1,0.25,1.8,0.476,0.469,1.2,0.823,0.3,0.8,1.2,0.3,0.2,0.7,0.8,4.9,12.2,0.6,0.046,11.5
367,Luol Deng,7.0,Duke,College/University,19.0,CHI,SF,61.0,45.0,27.3,4.6,0.434,0.5,0.265,4.1,0.472,0.458,2.0,0.741,1.5,3.8,2.2,0.8,0.4,1.9,1.6,11.7,14.2,3.0,0.086,15.4
42,Justin Anderson,21.0,Virginia,College/University,22.0,DAL,SF,55.0,9.0,11.8,1.3,0.406,0.4,0.265,0.9,0.533,0.469,0.8,0.8,0.3,2.1,0.5,0.3,0.5,0.4,0.8,3.8,12.3,1.1,0.083,12.6
106,Mike Muscala,44.0,Bucknell,College/University,22.0,ATL,PF,20.0,0.0,10.8,1.6,0.425,0.0,0.0,1.6,0.443,0.425,0.7,1.0,0.9,1.8,0.4,0.2,0.5,0.6,1.5,3.8,10.8,0.2,0.04,13.6
212,James Johnson,16.0,Wake Forest,College/University,22.0,CHI,PF,65.0,11.0,11.6,1.5,0.452,0.2,0.326,1.2,0.488,0.488,0.8,0.729,0.5,1.4,0.7,0.3,0.7,1.0,1.9,3.9,10.4,0.8,0.054,14.3
501,Eduardo Najera,38.0,Oklahoma,College/University,24.0,DAL,PF,40.0,4.0,10.8,1.5,0.523,0.0,0.333,1.4,0.528,0.527,0.4,0.424,1.0,1.4,0.7,0.3,0.2,0.4,1.2,3.3,14.0,1.1,0.12,12.0
336,Danny Granger,17.0,New Mexico,College/University,22.0,IND,SF,78.0,17.0,22.6,2.8,0.462,0.4,0.323,2.4,0.496,0.494,1.5,0.777,1.7,3.2,1.2,0.7,0.8,1.0,2.7,7.5,14.7,5.1,0.139,16.9
142,Enes Kanter,3.0,Kentucky,College/University,19.0,UTA,C,66.0,0.0,13.2,1.8,0.496,0.0,0.0,1.8,0.498,0.496,1.1,0.667,1.6,2.6,0.1,0.3,0.3,0.8,1.3,4.6,14.5,1.7,0.095,20.9
493,Morris Peterson,21.0,Michigan State,College/University,23.0,TOR,SG,80.0,49.0,22.6,3.6,0.431,0.8,0.382,2.8,0.447,0.478,1.3,0.717,1.4,1.8,1.3,0.8,0.3,1.0,2.1,9.3,14.1,3.6,0.096,13.3
431,Juan Dixon,17.0,Maryland,College/University,24.0,WAS,PG,42.0,3.0,15.4,2.5,0.384,0.6,0.298,1.9,0.422,0.43,0.9,0.804,0.3,1.4,1.0,0.6,0.1,1.0,1.3,6.4,11.0,0.1,0.005,12.8
82,Victor Oladipo,2.0,Indiana,College/University,21.0,ORL,PG,80.0,44.0,31.1,4.9,0.419,0.9,0.327,4.0,0.448,0.458,3.1,0.78,0.5,3.6,4.1,1.6,0.5,3.2,2.6,13.8,13.6,1.3,0.026,16.4
384,Royal Ivey,37.0,Brigham Young,College/University,23.0,ATL,PG,62.0,5.0,13.0,1.4,0.429,0.0,0.333,1.3,0.434,0.437,0.8,0.701,0.3,1.0,1.7,0.6,0.1,0.9,2.3,3.5,8.9,0.2,0.009,8.4
116,Harrison Barnes,7.0,North Carolina,College/University,20.0,GSW,SF,81.0,81.0,25.4,3.4,0.439,0.6,0.359,2.8,0.464,0.481,1.8,0.758,0.7,3.5,1.2,0.6,0.2,1.2,1.7,9.2,11.0,2.8,0.065,13.5
479,Mike Miller,5.0,Florida,College/University,20.0,ORL,SF,82.0,62.0,29.1,4.5,0.436,1.8,0.407,2.7,0.457,0.523,1.1,0.711,0.8,3.2,1.7,0.6,0.2,1.2,2.4,11.9,13.2,5.3,0.106,14.3
311,Jordan Farmar,26.0,California-Los Angeles,College/University,20.0,LAL,PG,72.0,2.0,15.1,1.7,0.422,0.6,0.328,1.1,0.503,0.498,0.4,0.711,0.3,1.3,1.9,0.6,0.1,1.0,1.1,4.4,10.8,0.9,0.038,13.3
257,Darrell Arthur,27.0,Kansas,College/University,20.0,MEM,PF,76.0,64.0,19.3,2.5,0.438,0.0,0.0,2.5,0.44,0.438,0.5,0.667,1.4,3.1,0.6,0.7,0.7,0.6,2.7,5.6,11.3,1.7,0.055,12.2
261,Luc Mbah a Moute,37.0,California-Los Angeles,College/University,22.0,MIL,PF,82.0,52.0,25.8,2.8,0.462,0.0,0.0,2.8,0.466,0.462,1.7,0.729,2.3,3.6,1.1,1.1,0.5,1.2,2.5,7.2,12.3,4.0,0.092,10.7
148,Jimmer Fredette,10.0,Brigham Young,College/University,22.0,SAC,PG,61.0,7.0,18.6,2.8,0.386,1.3,0.361,1.5,0.409,0.473,0.7,0.833,0.3,0.9,1.8,0.5,0.0,1.1,1.2,7.6,10.8,0.3,0.012,12.5
128,Jared Sullinger,21.0,Ohio State,College/University,20.0,BOS,PF,45.0,5.0,19.8,2.5,0.493,0.0,0.2,2.4,0.5,0.496,1.0,0.746,2.0,3.8,0.8,0.5,0.5,0.6,3.4,6.0,13.5,2.7,0.146,16.2
455,Richard Jefferson,13.0,Arizona,College/University,21.0,NJN,SF,79.0,9.0,24.3,3.4,0.457,0.2,0.232,3.3,0.48,0.468,2.4,0.713,1.1,2.6,1.8,0.8,0.6,1.4,2.7,9.4,13.4,4.7,0.117,14.4
145,Bismack Biyombo,7.0,Baloncesto Fuenlabrada,Other Team/Club,19.0,CHA,C,63.0,41.0,23.1,2.0,0.464,0.0,,2.0,0.464,0.464,1.1,0.483,1.8,4.0,0.4,0.3,1.8,1.1,2.3,5.2,10.6,0.6,0.019,13.0
164,Shelvin Mack,34.0,Butler,College/University,21.0,WAS,PG,64.0,0.0,12.2,1.4,0.4,0.2,0.286,1.2,0.427,0.427,0.7,0.712,0.2,1.3,2.0,0.4,0.0,0.8,0.8,3.6,11.9,0.7,0.042,12.3
277,Sean Williams,17.0,Boston College,College/University,21.0,NJN,C,73.0,29.0,17.5,2.2,0.538,0.0,,2.2,0.538,0.538,1.1,0.609,1.6,2.8,0.4,0.4,1.5,1.0,2.6,5.6,13.9,2.5,0.093,12.4
216,Eric Maynor,20.0,Virginia Commonwealth,College/University,22.0,TOT,PG,81.0,2.0,15.7,1.9,0.418,0.3,0.31,1.6,0.444,0.448,0.6,0.722,0.3,1.3,3.3,0.5,0.1,1.0,1.4,4.7,11.8,1.9,0.071,10.6
432,Kareem Rush,20.0,Missouri,College/University,22.0,LAL,PG,76.0,0.0,11.5,1.3,0.393,0.3,0.279,1.0,0.438,0.432,0.2,0.696,0.3,0.9,0.9,0.1,0.1,0.8,0.9,3.0,5.8,-0.6,-0.033,9.2
57,Aaron Gordon,4.0,Arizona,College/University,19.0,ORL,PF,47.0,8.0,17.0,2.0,0.447,0.3,0.271,1.7,0.5,0.478,0.9,0.721,1.0,2.6,0.7,0.4,0.5,0.8,1.8,5.2,11.4,1.0,0.06,15.2
328,Martell Webster,6.0,Seattle Preparatory School,High School,19.0,POR,SF,61.0,18.0,17.5,2.3,0.399,1.1,0.357,1.2,0.446,0.493,1.0,0.859,0.5,1.7,0.6,0.3,0.2,0.7,1.5,6.6,11.6,0.9,0.039,11.7
198,Nemanja Bjelica,35.0,KK Crvena zvezda,Other Team/Club,27.0,MIN,PF,60.0,0.0,17.9,1.8,0.468,0.8,0.384,1.0,0.564,0.57,0.7,0.727,0.8,2.7,1.4,0.4,0.4,0.8,2.6,5.1,11.2,1.9,0.087,13.6
494,Donnell Harvey,22.0,Florida,College/University,20.0,DAL,PF,18.0,0.0,3.6,0.4,0.571,0.0,,0.4,0.571,0.571,0.3,0.375,0.3,0.8,0.1,0.2,0.1,0.4,0.8,1.2,9.8,0.1,0.039,12.5
76,Spencer Dinwiddie,38.0,Colorado,College/University,21.0,DET,PG,34.0,1.0,13.4,1.5,0.302,0.4,0.185,1.1,0.375,0.337,0.9,0.912,0.1,1.3,3.1,0.6,0.2,1.0,1.6,4.3,10.2,0.1,0.009,15.4
39,Terry Rozier,16.0,Louisville,College/University,21.0,BOS,PG,39.0,0.0,8.0,0.7,0.274,0.2,0.222,0.6,0.291,0.302,0.2,0.8,0.6,1.0,0.9,0.2,0.0,0.5,0.6,1.8,5.0,-0.3,-0.047,14.3
325,Deron Williams,3.0,Illinois,College/University,21.0,UTA,PG,80.0,47.0,28.8,4.2,0.421,1.1,0.416,3.1,0.423,0.478,1.2,0.704,0.4,2.0,4.5,0.8,0.2,1.8,2.9,10.8,12.4,2.8,0.059,18.2
209,Tyler Hansbrough,13.0,North Carolina,College/University,24.0,IND,PF,29.0,1.0,17.6,2.8,0.36,0.0,0.0,2.8,0.367,0.36,2.9,0.743,2.1,2.7,1.0,0.6,0.3,0.7,2.4,8.5,14.6,0.7,0.07,14.8
464,Jamaal Tinsley,27.0,Iowa State,College/University,23.0,IND,PG,80.0,78.0,30.5,3.6,0.38,0.5,0.24,3.1,0.422,0.408,1.6,0.704,1.0,2.8,8.1,1.7,0.5,3.4,3.1,9.4,13.4,1.7,0.033,13.6
401,Sasha Pavlovic,19.0,KK Buducnost Podgorica,Other Team/Club,20.0,UTA,SF,79.0,14.0,14.5,1.9,0.396,0.2,0.271,1.6,0.425,0.422,0.8,0.774,0.6,1.5,0.8,0.5,0.2,0.8,2.4,4.8,8.7,0.9,0.04,8.3
444,Rasual Butler,52.0,La Salle,College/University,23.0,MIA,SG,72.0,28.0,21.0,2.9,0.362,0.7,0.292,2.2,0.392,0.406,1.1,0.731,0.4,2.2,1.3,0.3,0.6,1.1,1.5,7.5,9.5,0.1,0.002,10.6
447,Pau Gasol,3.0,FC Barcelona Basquet,Other Team/Club,21.0,MEM,PF,82.0,79.0,36.7,6.7,0.518,0.0,0.2,6.7,0.519,0.518,4.1,0.709,2.9,6.0,2.7,0.5,2.1,2.7,2.4,17.6,19.5,7.6,0.121,21.4
275,Rodney Stuckey,15.0,Eastern Washington,College/University,21.0,DET,PG,57.0,2.0,19.0,2.7,0.401,0.1,0.188,2.6,0.41,0.404,2.2,0.814,0.6,1.7,2.8,0.9,0.1,1.4,2.0,7.6,13.8,2.0,0.09,14.9
283,Morris Almond,25.0,Rice,College/University,22.0,UTA,SG,9.0,0.0,4.3,0.4,0.267,0.1,0.25,0.3,0.273,0.3,0.4,0.667,0.0,0.2,0.3,0.1,0.0,0.2,0.6,1.4,2.0,-0.1,-0.081,7.0
178,Ekpe Udoh,6.0,Baylor,College/University,23.0,GSW,C,58.0,18.0,17.8,1.7,0.437,0.0,,1.7,0.437,0.437,0.7,0.656,1.4,1.7,0.7,0.4,1.5,0.8,2.5,4.1,9.7,0.7,0.032,12.0
399,Luke Ridnour,14.0,Oregon,College/University,22.0,SEA,PG,69.0,6.0,16.1,2.1,0.414,0.4,0.338,1.7,0.437,0.453,0.9,0.823,0.5,1.1,2.4,0.8,0.1,1.2,1.5,5.5,13.1,1.2,0.051,13.9
392,Chris Kaman,6.0,Central Michigan,College/University,21.0,LAC,C,82.0,61.0,22.5,2.4,0.46,0.0,0.0,2.4,0.462,0.46,1.2,0.697,1.5,4.1,1.0,0.3,0.9,1.9,2.6,6.1,9.6,0.0,0.001,14.9
364,Shaun Livingston,4.0,Peoria,High School,19.0,LAC,PG,30.0,15.0,27.1,3.0,0.414,0.0,0.0,3.0,0.418,0.414,1.5,0.746,0.7,2.2,5.0,1.1,0.4,2.5,2.7,7.4,10.4,0.1,0.008,12.5
101,Andre Roberson,26.0,Colorado,College/University,22.0,OKC,SG,40.0,16.0,10.0,0.8,0.485,0.1,0.154,0.8,0.564,0.5,0.2,0.7,0.9,1.5,0.4,0.5,0.3,0.5,1.9,1.9,9.0,0.8,0.099,9.7
323,Andrew Bogut,1.0,Utah,College/University,21.0,MIL,PF,82.0,77.0,28.6,3.9,0.533,0.0,0.0,3.9,0.536,0.533,1.5,0.629,2.3,4.7,2.3,0.6,0.8,1.5,3.2,9.4,15.2,5.5,0.113,16.4
426,Jared Jeffries,11.0,Indiana,College/University,21.0,WAS,SF,20.0,1.0,14.6,1.5,0.476,0.2,0.5,1.4,0.474,0.5,0.8,0.552,1.3,1.6,0.8,0.4,0.3,1.1,1.4,4.0,11.1,0.3,0.049,9.6
172,Isaiah Thomas,60.0,Washington,College/University,22.0,SAC,PG,65.0,37.0,25.5,3.9,0.448,1.3,0.379,2.7,0.491,0.521,2.4,0.832,0.7,1.8,4.1,0.8,0.1,1.6,1.9,11.5,17.6,4.3,0.124,19.8
438,Dan Gadzuric,33.0,California-Los Angeles,College/University,24.0,MIL,C,49.0,30.0,15.5,1.4,0.483,0.0,0.0,1.4,0.486,0.483,0.6,0.518,1.3,2.7,0.2,0.4,1.1,0.6,2.6,3.4,11.2,1.2,0.075,14.4
117,Terrence Ross,8.0,Washington,College/University,21.0,TOR,SG,73.0,2.0,17.0,2.5,0.407,0.9,0.332,1.7,0.464,0.478,0.4,0.714,0.5,1.5,0.7,0.6,0.2,0.7,1.7,6.4,10.4,0.9,0.034,12.8
232,Patty Mills,55.0,St. Mary's (CA),College/University,21.0,POR,PG,10.0,0.0,3.8,1.0,0.417,0.2,0.5,0.8,0.4,0.458,0.4,0.571,0.1,0.1,0.5,0.0,0.0,0.4,0.6,2.6,11.9,0.0,-0.036,14.2
121,Jeremy Lamb,12.0,Connecticut,College/University,20.0,OKC,SF,23.0,0.0,6.4,1.0,0.353,0.4,0.3,0.7,0.395,0.419,0.6,1.0,0.2,0.6,0.2,0.1,0.1,0.3,0.6,3.1,11.2,0.2,0.058,15.8
214,Ty Lawson,18.0,North Carolina,College/University,22.0,DEN,PG,65.0,8.0,20.3,3.1,0.515,0.5,0.41,2.6,0.544,0.559,1.6,0.757,0.6,1.3,3.1,0.7,0.0,1.3,1.4,8.3,16.4,3.7,0.135,17.2
296,Tyrus Thomas,4.0,Louisiana State,College/University,20.0,CHI,PF,72.0,4.0,13.4,1.9,0.475,0.0,0.0,1.9,0.479,0.475,1.5,0.606,1.2,2.5,0.6,0.6,1.1,1.3,2.3,5.2,14.8,2.2,0.11,14.8
246,Robin Lopez,15.0,Stanford,College/University,20.0,PHO,C,60.0,7.0,10.2,1.2,0.518,0.0,0.0,1.2,0.522,0.518,0.8,0.691,0.9,1.1,0.1,0.2,0.7,0.5,1.6,3.2,11.6,1.1,0.083,16.0
324,Marvin Williams,2.0,North Carolina,College/University,19.0,ATL,PF,79.0,7.0,24.7,3.0,0.443,0.2,0.245,2.8,0.464,0.455,2.4,0.747,1.5,3.3,0.8,0.6,0.3,1.1,2.9,8.5,12.2,2.8,0.069,13.6
252,Ryan Anderson,21.0,California,College/University,20.0,NJN,PF,66.0,30.0,19.9,2.4,0.393,1.0,0.365,1.4,0.417,0.478,1.5,0.845,1.6,3.1,0.8,0.7,0.3,1.0,2.4,7.4,13.6,2.5,0.09,16.5
307,Renaldo Balkman,20.0,South Carolina,College/University,22.0,NYK,SF,68.0,1.0,15.6,2.0,0.505,0.1,0.185,2.0,0.54,0.515,0.8,0.567,1.4,2.9,0.6,0.8,0.6,0.7,2.1,4.9,16.1,2.8,0.125,14.3
326,Chris Paul,4.0,Wake Forest,College/University,20.0,NOK,PG,78.0,78.0,36.0,5.2,0.43,0.6,0.282,4.6,0.464,0.456,5.1,0.847,0.8,4.3,7.8,2.2,0.1,2.3,2.8,16.1,22.1,10.4,0.178,24.9
337,Gerald Green,18.0,Gulf Shores Academy,High School,20.0,BOS,SG,32.0,3.0,11.7,2.1,0.478,0.2,0.3,1.9,0.508,0.5,0.9,0.784,0.3,1.0,0.6,0.4,0.1,0.7,1.3,5.2,13.1,0.5,0.064,13.0
490,Desmond Mason,17.0,Oklahoma State,College/University,23.0,SEA,SF,78.0,14.0,19.5,2.4,0.431,0.2,0.269,2.2,0.46,0.451,0.9,0.736,0.9,2.3,0.8,0.5,0.3,0.7,1.9,5.9,10.5,1.7,0.055,12.7
291,Dominic McGuire,47.0,Fresno State,College/University,22.0,WAS,SG,70.0,1.0,9.9,0.6,0.379,0.0,0.167,0.5,0.392,0.383,0.2,0.438,0.8,1.2,0.6,0.3,0.4,0.6,1.1,1.3,6.6,0.0,-0.003,9.8
124,Tyler Zeller,17.0,North Carolina,College/University,23.0,CLE,C,77.0,55.0,26.4,3.2,0.438,0.0,0.0,3.2,0.441,0.438,1.6,0.764,2.1,3.6,1.2,0.5,0.9,1.2,3.3,7.9,11.0,2.0,0.048,14.9
412,Willie Green,41.0,Detroit Mercy,College/University,22.0,PHI,SG,53.0,0.0,14.5,2.7,0.401,0.4,0.311,2.3,0.419,0.427,1.1,0.728,0.3,0.9,1.0,0.5,0.1,1.1,1.6,6.9,10.8,0.0,-0.003,11.0
10,Juancho Hernangomez,15.0,Movistar Estudiantes,Other Team/Club,21.0,DEN,PF,62.0,9.0,13.6,1.6,0.451,0.7,0.407,0.9,0.495,0.554,0.9,0.75,0.7,2.3,0.5,0.5,0.2,0.5,1.0,4.9,13.4,1.8,0.104,11.5
317,P.J. Tucker,35.0,Texas,College/University,21.0,TOR,SF,17.0,0.0,4.9,0.6,0.5,0.0,,0.6,0.5,0.5,0.5,0.571,0.6,0.7,0.2,0.1,0.0,0.4,0.7,1.8,12.8,0.1,0.085,10.2
54,Norman Powell,46.0,California-Los Angeles,College/University,22.0,TOR,SG,49.0,24.0,14.8,2.0,0.424,0.7,0.404,1.2,0.436,0.502,0.9,0.811,0.3,1.9,1.0,0.6,0.2,0.7,1.2,5.6,13.3,1.6,0.105,14.3
476,Stromile Swift,2.0,Louisiana State,College/University,21.0,VAN,PF,80.0,6.0,16.4,1.9,0.451,0.0,0.0,1.9,0.457,0.451,1.1,0.603,1.4,2.2,0.4,0.8,1.0,0.8,2.0,4.9,13.1,1.9,0.069,16.1
373,Al Jefferson,15.0,Prentiss,High School,20.0,BOS,PF,71.0,1.0,14.8,2.7,0.528,0.0,0.0,2.7,0.533,0.528,1.2,0.63,1.7,2.7,0.3,0.3,0.8,0.9,2.7,6.7,16.6,2.7,0.123,20.6
140,Kyrie Irving,1.0,Duke,College/University,19.0,CLE,PG,51.0,51.0,30.5,6.9,0.469,1.4,0.399,5.4,0.491,0.517,3.4,0.872,0.9,2.9,5.4,1.1,0.4,3.1,2.2,18.5,21.4,4.1,0.125,22.4
442,Jamal Sampson,46.0,California,College/University,19.0,MIL,PF,5.0,0.0,1.6,0.0,0.0,0.0,,0.0,0.0,0.0,0.0,,0.2,0.2,0.2,0.2,0.0,0.0,0.0,0.0,8.4,0.0,-0.066,13.0
29,Willie Cauley-Stein,6.0,Kentucky,College/University,22.0,SAC,C,66.0,39.0,21.4,2.9,0.563,0.0,0.0,2.9,0.567,0.563,1.2,0.648,2.0,3.3,0.6,0.7,1.0,0.7,2.2,7.0,15.3,3.8,0.13,16.7
130,Miles Plumlee,26.0,Duke,College/University,24.0,IND,C,14.0,0.0,3.9,0.4,0.238,0.0,,0.4,0.238,0.238,0.2,0.75,0.9,0.7,0.1,0.0,0.2,0.2,0.4,0.9,8.8,0.0,-0.015,13.7
60,Julius Randle,7.0,Kentucky,College/University,20.0,LAL,PF,1.0,0.0,14.0,1.0,0.333,0.0,,1.0,0.333,0.333,0.0,0.0,0.0,0.0,0.0,0.0,0.0,1.0,1.0,2.0,-7.5,-0.1,-0.276,18.1
205,Stephen Curry,7.0,Davidson,College/University,21.0,GSW,PG,80.0,77.0,36.2,6.6,0.462,2.1,0.437,4.5,0.474,0.535,2.2,0.885,0.6,3.9,5.9,1.9,0.2,3.0,3.2,17.5,16.3,4.7,0.077,24.0
14,DeAndre' Bembry,21.0,Saint Joseph's,College/University,22.0,ATL,SF,38.0,1.0,9.8,1.2,0.48,0.0,0.056,1.2,0.575,0.485,0.2,0.375,0.4,1.2,0.7,0.2,0.1,0.4,0.6,2.7,8.8,0.3,0.038,10.2
370,Robert Swift,12.0,Bakersfield,High School,19.0,SEA,C,16.0,0.0,4.5,0.3,0.455,0.0,,0.3,0.455,0.455,0.3,0.556,0.1,0.3,0.1,0.1,0.4,0.3,1.0,0.9,5.2,0.0,0.004,11.4
400,David West,18.0,Xavier,College/University,23.0,NOH,PF,71.0,1.0,13.1,1.5,0.474,0.0,0.0,1.5,0.478,0.474,0.8,0.713,1.6,2.5,0.8,0.4,0.4,0.7,1.6,3.8,15.9,2.8,0.143,18.6
288,Glen Davis,35.0,Louisiana State,College/University,22.0,BOS,C,69.0,1.0,13.6,1.6,0.484,0.0,,1.6,0.484,0.484,1.4,0.66,1.4,1.6,0.4,0.4,0.3,0.9,2.3,4.5,11.3,2.5,0.128,12.4
353,Von Wafer,39.0,Florida State,College/University,20.0,LAL,SG,16.0,0.0,4.6,0.4,0.158,0.1,0.118,0.3,0.19,0.184,0.4,0.75,0.3,0.2,0.3,0.2,0.0,0.1,0.8,1.3,-1.6,-0.3,-0.174,11.8
280,Daequan Cook,21.0,Ohio State,College/University,20.0,MIA,SG,59.0,19.0,24.4,3.3,0.381,1.3,0.332,2.0,0.424,0.458,0.8,0.825,0.3,2.7,1.3,0.4,0.2,1.1,2.7,8.8,7.9,-0.4,-0.013,9.1
184,Xavier Henry,12.0,Kansas,College/University,19.0,MEM,SG,38.0,16.0,13.9,1.7,0.406,0.1,0.118,1.7,0.441,0.413,0.9,0.635,0.2,0.7,0.5,0.3,0.1,0.3,1.3,4.3,7.0,0.2,0.021,9.3
188,Luke Babbitt,16.0,Nevada-Reno,College/University,21.0,POR,SF,24.0,0.0,5.7,0.6,0.273,0.1,0.188,0.5,0.308,0.3,0.1,0.333,0.3,1.0,0.3,0.1,0.1,0.3,0.6,1.5,1.0,-0.4,-0.143,10.1
496,Jake Tsakalidis,25.0,A.E.K. Athens B.C.,Other Team/Club,21.0,PHO,C,57.0,39.0,16.6,1.8,0.47,0.0,,1.8,0.47,0.47,0.9,0.593,1.5,2.8,0.3,0.2,1.0,1.2,2.4,4.5,9.6,1.3,0.067,11.8
192,James Anderson,20.0,Oklahoma State,College/University,21.0,SAS,SF,26.0,2.0,11.0,1.2,0.383,0.7,0.391,0.5,0.371,0.494,0.5,0.778,0.1,0.8,0.7,0.1,0.2,0.5,0.9,3.6,8.5,0.3,0.051,9.9
236,Russell Westbrook,4.0,California-Los Angeles,College/University,20.0,OKC,PG,82.0,65.0,32.5,5.3,0.398,0.4,0.271,4.9,0.415,0.414,4.3,0.815,2.2,2.7,5.3,1.3,0.2,3.3,2.3,15.3,15.2,1.9,0.035,23.2
285,Arron Afflalo,27.0,California-Los Angeles,College/University,22.0,DET,SG,75.0,9.0,12.9,1.3,0.411,0.1,0.208,1.2,0.461,0.432,0.9,0.782,0.5,1.3,0.7,0.4,0.1,0.5,1.1,3.7,10.2,1.9,0.092,11.9
157,Nikola Mirotic,23.0,Real Madrid Baloncesto,Other Team/Club,23.0,CHI,PF,82.0,3.0,20.2,3.1,0.405,1.2,0.316,1.9,0.495,0.485,2.8,0.803,0.8,4.2,1.2,0.7,0.7,1.1,2.1,10.2,17.9,5.7,0.165,16.7
49,Willy Hernangomez,35.0,CB Sevilla,Other Team/Club,22.0,NYK,C,72.0,22.0,18.4,3.4,0.529,0.1,0.267,3.4,0.538,0.533,1.3,0.728,2.4,4.6,1.3,0.6,0.5,1.4,2.1,8.2,19.0,3.4,0.123,19.7
341,Francisco Garcia,23.0,Louisville,College/University,24.0,SAC,SF,67.0,11.0,19.4,1.9,0.4,0.6,0.285,1.4,0.484,0.46,1.2,0.772,0.6,2.2,1.4,0.6,0.7,1.1,2.0,5.6,10.3,1.6,0.06,12.3
204,Tyreke Evans,4.0,Memphis,College/University,20.0,SAC,SG,72.0,72.0,37.2,7.4,0.458,0.5,0.255,6.9,0.485,0.473,4.8,0.748,0.9,4.4,5.8,1.5,0.4,3.0,2.8,20.1,18.2,5.4,0.097,17.1
150,Alec Burks,12.0,Colorado,College/University,20.0,UTA,SG,59.0,0.0,15.9,2.6,0.429,0.3,0.333,2.3,0.442,0.45,1.8,0.727,1.0,1.3,0.9,0.5,0.1,0.9,1.4,7.2,14.0,1.5,0.076,14.1
297,Shelden Williams,5.0,Duke,College/University,23.0,ATL,PF,81.0,31.0,18.7,2.0,0.455,0.0,0.5,2.0,0.454,0.458,1.4,0.764,1.6,3.8,0.5,0.6,0.5,1.2,2.5,5.5,12.3,2.2,0.07,12.5
264,Henry Walker,47.0,Kansas State,College/University,21.0,BOS,SF,29.0,0.0,7.4,1.2,0.621,0.0,0.0,1.2,0.632,0.621,0.6,0.696,0.3,0.7,0.4,0.2,0.1,0.6,1.8,3.0,10.9,0.5,0.117,10.8
499,Jake Voskuhl,33.0,Connecticut,College/University,23.0,CHI,C,16.0,2.0,8.9,0.7,0.44,0.0,,0.7,0.44,0.44,0.5,0.571,0.8,1.4,0.3,0.3,0.4,0.8,2.4,1.9,5.8,0.0,-0.007,10.8
421,Drew Gooden,4.0,Kansas,College/University,21.0,TOT,"PF,SF",70.0,47.0,26.8,5.1,0.457,0.2,0.292,4.9,0.468,0.466,2.2,0.712,2.3,4.2,1.2,0.8,0.5,2.1,2.5,12.5,15.0,1.7,0.043,16.3
190,Eric Bledsoe,18.0,Kentucky,College/University,21.0,LAC,PG,81.0,25.0,22.7,2.5,0.424,0.4,0.276,2.1,0.47,0.457,1.2,0.744,0.8,1.9,3.6,1.1,0.3,2.4,1.6,6.7,10.8,0.3,0.008,17.3
161,Norris Cole,28.0,Cleveland State,College/University,23.0,MIA,PG,65.0,2.0,19.4,2.7,0.393,0.3,0.276,2.4,0.417,0.417,1.0,0.776,0.3,1.1,2.0,0.7,0.0,1.6,1.9,6.8,7.9,0.0,0.0,9.2
74,Kyle Anderson,30.0,California-Los Angeles,College/University,21.0,SAS,SF,33.0,8.0,10.8,0.9,0.348,0.1,0.273,0.8,0.359,0.365,0.3,0.643,0.2,2.0,0.8,0.5,0.2,0.3,0.8,2.2,8.2,0.3,0.044,14.2
144,Jonas Valanciunas,5.0,BC Lietuvos rytas,Other Team/Club,20.0,TOR,C,62.0,57.0,23.9,3.3,0.557,0.0,,3.3,0.557,0.557,2.4,0.789,2.0,4.0,0.7,0.3,1.3,1.5,3.0,8.9,15.6,3.9,0.127,20.7
169,Lavoy Allen,50.0,Temple,College/University,22.0,PHI,PF,41.0,15.0,15.2,1.9,0.473,0.0,,1.9,0.473,0.473,0.3,0.786,1.1,3.0,0.8,0.3,0.4,0.5,1.8,4.1,12.7,1.6,0.124,12.5
99,Tim Hardaway Jr.,24.0,Michigan,College/University,21.0,NYK,SG,81.0,1.0,23.1,3.6,0.428,1.6,0.363,2.0,0.498,0.523,1.3,0.828,0.2,1.3,0.8,0.5,0.1,0.6,1.8,10.2,12.7,3.1,0.08,13.9
449,Jason Richardson,5.0,Michigan State,College/University,21.0,GSW,SG,80.0,75.0,32.9,5.8,0.426,1.0,0.333,4.8,0.453,0.463,1.8,0.671,1.6,2.7,3.0,1.3,0.4,2.0,2.4,14.4,13.8,2.9,0.052,16.3
15,Timothe Luwawu-Cabarrot,24.0,KK Mega Vizura,Other Team/Club,21.0,PHI,SF,69.0,19.0,17.2,2.1,0.402,0.7,0.311,1.4,0.475,0.471,1.5,0.854,0.4,1.8,1.1,0.5,0.1,1.1,2.2,6.4,8.5,0.8,0.034,8.5
43,Bobby Portis,22.0,Arkansas,College/University,20.0,CHI,PF,62.0,4.0,17.8,3.0,0.427,0.3,0.308,2.7,0.443,0.445,0.8,0.727,2.0,3.5,0.8,0.4,0.4,0.9,1.6,7.0,13.8,1.5,0.066,16.8
380,Sasha Vujacic,27.0,Pallalcesto Amatori Udine,Other Team/Club,20.0,LAL,SG,35.0,3.0,11.5,0.9,0.282,0.5,0.27,0.5,0.296,0.355,0.5,0.947,0.4,1.4,1.5,0.3,0.1,0.4,1.2,2.9,8.9,0.2,0.018,11.5
375,Dorell Wright,19.0,South Kent School,High School,19.0,MIA,SF,3.0,0.0,9.0,1.0,0.273,0.0,0.0,1.0,0.429,0.273,0.3,1.0,0.0,0.3,1.0,1.3,0.0,1.0,0.7,2.3,5.2,-0.1,-0.134,14.4
461,Brendan Haywood,20.0,North Carolina,College/University,22.0,WAS,C,62.0,2.0,20.4,1.8,0.493,0.0,,1.8,0.493,0.493,1.6,0.606,2.3,2.9,0.5,0.3,1.5,0.8,2.5,5.1,13.7,3.1,0.116,14.6
368,Andre Iguodala,9.0,Arizona,College/University,21.0,PHI,SG,82.0,82.0,32.8,3.3,0.493,0.6,0.331,2.7,0.55,0.536,1.9,0.743,1.1,4.6,3.0,1.7,0.6,1.7,2.5,9.0,13.5,6.6,0.118,15.4
498,Mark Madsen,29.0,Stanford,College/University,25.0,LAL,PF,70.0,3.0,9.2,0.8,0.487,0.0,1.0,0.8,0.482,0.491,0.4,0.703,1.1,1.1,0.3,0.1,0.1,0.4,1.6,2.0,9.2,1.1,0.085,8.1
58,Dante Exum,5.0,Australian Institute of Sport,Other Team/Club,19.0,UTA,PG,82.0,41.0,22.2,1.8,0.349,1.0,0.314,0.8,0.408,0.448,0.2,0.625,0.3,1.3,2.4,0.5,0.2,1.4,1.8,4.8,5.7,-0.1,-0.003,8.3
395,Jarvis Hayes,10.0,Georgia,College/University,22.0,WAS,SF,70.0,42.0,29.2,4.0,0.4,0.6,0.305,3.4,0.422,0.429,1.1,0.786,1.0,2.8,1.5,1.0,0.2,1.6,2.2,9.6,9.4,0.5,0.012,10.8
167,Davis Bertans,42.0,KK Olimpija,Other Team/Club,24.0,SAS,PF,67.0,6.0,12.1,1.5,0.44,1.0,0.399,0.5,0.557,0.588,0.4,0.824,0.3,1.1,0.7,0.3,0.4,0.5,1.1,4.5,12.9,2.3,0.135,13.4
220,Taj Gibson,26.0,Southern California,College/University,24.0,CHI,PF,82.0,70.0,26.9,3.8,0.494,0.0,,3.8,0.494,0.494,1.4,0.646,2.8,4.7,0.9,0.6,1.3,1.4,3.4,9.0,13.8,4.7,0.103,15.5
174,Evan Turner,2.0,Ohio State,College/University,22.0,PHI,SG,78.0,14.0,23.0,2.9,0.425,0.2,0.318,2.7,0.435,0.439,1.3,0.808,0.5,3.4,2.0,0.6,0.2,1.0,1.8,7.2,10.8,2.3,0.06,11.9
267,Mike Conley,4.0,Ohio State,College/University,20.0,MEM,PG,53.0,46.0,26.1,3.6,0.428,0.6,0.33,3.0,0.453,0.462,1.7,0.732,0.4,2.2,4.2,0.8,0.0,1.7,1.6,9.4,12.6,1.1,0.038,17.6
75,Joe Harris,33.0,Virginia,College/University,23.0,CLE,SG,51.0,1.0,9.7,0.9,0.4,0.6,0.369,0.3,0.472,0.529,0.2,0.6,0.1,0.7,0.5,0.1,0.0,0.5,1.2,2.7,5.6,0.2,0.018,12.7
147,Kemba Walker,9.0,Connecticut,College/University,21.0,CHA,PG,66.0,25.0,27.2,4.3,0.366,1.0,0.305,3.2,0.392,0.411,2.5,0.789,0.5,3.1,4.4,0.9,0.3,1.8,1.2,12.1,14.9,0.3,0.009,19.3
465,Tony Parker,28.0,Paris Basket Racing,Other Team/Club,19.0,SAS,PG,77.0,72.0,29.4,3.5,0.419,0.8,0.323,2.7,0.46,0.467,1.4,0.675,0.4,2.1,4.3,1.2,0.1,2.0,2.2,9.2,11.7,3.8,0.08,18.2
502,Michael Redd,43.0,Ohio State,College/University,21.0,MIL,SG,6.0,0.0,5.8,0.8,0.263,0.0,0.0,0.8,0.313,0.263,0.5,0.5,0.5,0.2,0.2,0.2,0.0,0.2,0.3,2.2,3.4,-0.1,-0.163,19.5
255,Nicolas Batum,25.0,Le Mans Sarthe Basket,Other Team/Club,20.0,POR,SF,79.0,76.0,18.4,2.0,0.446,0.8,0.369,1.3,0.513,0.532,0.5,0.808,1.1,1.7,0.9,0.6,0.5,0.6,1.8,5.4,12.9,3.7,0.123,14.7
6,Jakob Poeltl,9.0,Utah,College/University,21.0,TOR,C,54.0,4.0,11.6,1.2,0.583,0.0,,1.2,0.583,0.583,0.6,0.544,1.4,1.6,0.2,0.3,0.4,0.5,2.1,3.1,12.2,1.6,0.125,17.6
152,Kawhi Leonard,15.0,San Diego State,College/University,20.0,SAS,SF,64.0,39.0,24.0,3.1,0.493,0.6,0.376,2.5,0.536,0.543,1.1,0.773,1.6,3.5,1.1,1.3,0.4,0.7,1.4,7.9,16.6,5.5,0.171,23.4
226,DeJuan Blair,37.0,Pittsburgh,College/University,20.0,SAS,PF,82.0,23.0,18.2,3.4,0.556,0.0,0.0,3.4,0.558,0.556,1.1,0.547,2.4,4.0,0.8,0.6,0.5,1.4,2.7,7.8,17.7,4.6,0.147,16.5
215,Jeff Teague,19.0,Wake Forest,College/University,21.0,ATL,PG,71.0,3.0,10.1,1.3,0.396,0.1,0.219,1.2,0.426,0.412,0.6,0.837,0.1,0.9,1.7,0.5,0.2,0.7,1.2,3.2,11.0,0.6,0.042,16.8
98,Solomon Hill,23.0,Arizona,College/University,22.0,IND,SF,28.0,0.0,8.1,0.6,0.425,0.3,0.304,0.4,0.588,0.513,0.2,0.857,0.3,1.1,0.4,0.2,0.1,0.5,0.7,1.7,7.6,0.4,0.08,8.8
248,Roy Hibbert,17.0,Georgetown,College/University,22.0,IND,C,70.0,42.0,14.4,2.8,0.471,0.0,,2.8,0.471,0.471,1.4,0.667,1.6,1.8,0.7,0.3,1.1,0.8,3.1,7.1,16.1,2.1,0.102,15.5
276,Nick Young,16.0,Southern California,College/University,22.0,WAS,SG,75.0,2.0,15.4,2.8,0.439,0.5,0.4,2.3,0.45,0.481,1.3,0.815,0.3,1.2,0.8,0.5,0.1,1.3,1.7,7.5,11.6,0.4,0.017,12.9
105,Jeff Withey,39.0,Kansas,College/University,23.0,NOP,C,58.0,4.0,11.8,1.2,0.535,0.0,0.0,1.2,0.539,0.535,0.9,0.712,0.8,1.7,0.4,0.3,0.9,0.3,1.3,3.3,15.2,1.8,0.128,16.9
183,Cole Aldrich,11.0,Kansas,College/University,22.0,OKC,C,18.0,0.0,7.9,0.4,0.533,0.0,,0.4,0.533,0.533,0.1,0.5,0.7,1.2,0.2,0.3,0.4,0.4,1.7,1.0,7.0,0.2,0.066,16.6
244,Brandon Rush,13.0,Kansas,College/University,23.0,IND,SG,75.0,19.0,24.0,3.2,0.423,1.0,0.373,2.2,0.451,0.49,0.6,0.697,0.5,2.7,0.9,0.5,0.5,1.0,1.7,8.1,9.0,0.9,0.024,9.9
249,JaVale McGee,18.0,Nevada-Reno,College/University,21.0,WAS,C,75.0,14.0,15.2,2.5,0.494,0.0,,2.5,0.494,0.494,1.4,0.66,1.6,2.3,0.3,0.4,1.0,0.8,2.1,6.5,17.0,2.0,0.084,19.4
118,Andre Drummond,9.0,Connecticut,College/University,19.0,DET,C,60.0,10.0,20.7,3.5,0.608,0.0,0.5,3.5,0.609,0.61,1.0,0.371,2.8,4.8,0.5,1.0,1.6,1.0,2.4,7.9,21.6,4.5,0.172,21.9
206,Jordan Hill,8.0,Arizona,College/University,22.0,TOT,PF,47.0,0.0,13.3,2.1,0.493,0.0,0.0,2.1,0.497,0.493,1.0,0.676,1.6,2.1,0.4,0.3,0.4,0.6,2.0,5.2,15.0,1.4,0.105,16.3
112,Bradley Beal,3.0,Florida,College/University,19.0,WAS,SG,56.0,46.0,31.2,5.0,0.41,1.6,0.386,3.4,0.424,0.477,2.2,0.786,0.8,3.0,2.4,0.9,0.5,1.6,2.0,13.9,13.6,3.0,0.082,18.3
16,Pascal Siakam,27.0,New Mexico State,College/University,22.0,TOR,PF,55.0,38.0,15.6,1.9,0.502,0.0,0.143,1.9,0.515,0.505,0.4,0.688,1.2,2.2,0.3,0.5,0.8,0.6,2.0,4.2,11.5,1.6,0.089,16.9
419,Yao Ming,1.0,Shanghai Sharks,Other Team/Club,22.0,HOU,C,82.0,72.0,29.0,4.9,0.498,0.0,0.5,4.9,0.498,0.499,3.7,0.811,2.4,5.8,1.7,0.4,1.8,2.1,2.8,13.5,20.6,8.7,0.176,23.0
304,Ronnie Brewer,14.0,Arkansas,College/University,21.0,UTA,SG,56.0,14.0,12.1,1.8,0.528,0.0,0.0,1.8,0.554,0.528,1.0,0.675,0.7,0.7,0.4,0.7,0.1,0.4,0.8,4.6,15.2,1.7,0.124,14.4
469,Terence Morris,33.0,Maryland,College/University,23.0,HOU,SF,68.0,12.0,16.3,1.6,0.384,0.2,0.192,1.4,0.455,0.41,0.3,0.643,1.1,2.0,0.9,0.3,0.4,0.7,1.1,3.8,9.5,0.2,0.009,9.9
19,Ivica Zubac,32.0,KK Mega Vizura,Other Team/Club,19.0,LAL,C,38.0,11.0,16.0,3.3,0.529,0.0,0.0,3.3,0.536,0.529,0.8,0.653,1.1,3.1,0.8,0.4,0.9,0.8,1.7,7.5,17.0,1.1,0.086,19.2
230,Danny Green,46.0,North Carolina,College/University,22.0,CLE,SG,20.0,0.0,5.8,0.8,0.385,0.3,0.273,0.5,0.529,0.462,0.2,0.667,0.4,0.5,0.3,0.3,0.2,0.3,0.5,2.0,12.3,0.2,0.083,12.8
486,Etan Thomas,12.0,Syracuse,College/University,23.0,WAS,C,47.0,0.0,13.1,1.7,0.536,0.0,,1.7,0.536,0.536,0.9,0.554,1.2,2.7,0.1,0.4,0.7,0.6,1.6,4.3,15.7,1.6,0.127,14.5
382,Anderson Varejao,30.0,FC Barcelona Basquet,Other Team/Club,22.0,CLE,PF,54.0,0.0,16.0,1.8,0.513,0.0,0.0,1.8,0.518,0.513,1.3,0.535,2.0,2.7,0.5,0.8,0.7,0.5,2.3,4.9,17.0,3.0,0.164,15.6
7,Thon Maker,10.0,,,19.0,MIL,C,57.0,34.0,9.9,1.5,0.459,0.5,0.378,1.0,0.514,0.536,0.6,0.653,0.7,1.3,0.4,0.2,0.5,0.3,1.5,4.0,14.0,1.3,0.113,12.0
329,Charlie Villanueva,7.0,Connecticut,College/University,21.0,TOR,PF,81.0,36.0,29.1,5.4,0.463,0.9,0.327,4.5,0.503,0.5,1.4,0.706,2.2,4.2,1.1,0.7,0.8,1.2,3.0,13.0,16.4,3.9,0.079,16.0
160,Jordan Hamilton,26.0,Texas,College/University,21.0,DEN,SF,26.0,2.0,9.9,1.8,0.432,0.7,0.362,1.2,0.484,0.509,0.1,0.4,0.4,2.0,0.8,0.2,0.1,0.6,0.6,4.4,13.9,0.3,0.055,13.4
351,Ronny Turiaf,37.0,Gonzaga,College/University,23.0,LAL,C,23.0,1.0,7.0,0.7,0.5,0.0,,0.7,0.5,0.5,0.7,0.556,0.5,1.1,0.3,0.1,0.4,0.3,1.3,2.0,12.2,0.4,0.115,13.8
134,Quincy Acy,37.0,Baylor,College/University,22.0,TOR,PF,29.0,0.0,11.8,1.4,0.56,0.0,0.5,1.4,0.562,0.567,1.1,0.816,1.0,1.6,0.4,0.4,0.5,0.6,1.8,4.0,15.9,1.1,0.157,11.2
467,Gilbert Arenas,30.0,Arizona,College/University,20.0,GSW,PG,47.0,30.0,24.6,3.7,0.453,0.8,0.345,2.9,0.498,0.504,2.6,0.775,0.9,1.9,3.7,1.5,0.2,2.1,2.4,10.9,17.0,2.7,0.114,19.6
46,Larry Nance Jr.,27.0,Wyoming,College/University,23.0,LAL,PF,63.0,22.0,20.1,2.5,0.527,0.0,0.1,2.5,0.541,0.528,0.5,0.681,1.6,3.3,0.7,0.9,0.4,0.7,2.0,5.5,13.4,2.2,0.083,16.7
122,John Henson,14.0,North Carolina,College/University,22.0,MIL,PF,63.0,9.0,13.1,2.6,0.482,0.0,0.0,2.6,0.486,0.482,0.9,0.533,1.8,2.9,0.5,0.3,0.7,0.7,1.3,6.0,18.2,1.9,0.109,17.1
423,Chris Wilcox,8.0,Maryland,College/University,20.0,LAC,PF,46.0,3.0,10.4,1.6,0.521,0.0,,1.6,0.521,0.521,0.5,0.5,0.7,1.6,0.5,0.2,0.3,0.6,1.4,3.7,12.5,0.6,0.062,15.5
310,Shannon Brown,25.0,Michigan State,College/University,21.0,CLE,SG,23.0,5.0,8.8,1.2,0.378,0.3,0.28,0.9,0.429,0.426,0.4,0.714,0.3,0.7,0.4,0.3,0.1,0.6,1.0,3.2,7.5,0.1,0.015,12.4
38,Kelly Oubre Jr.,15.0,Kansas,College/University,20.0,WAS,SF,63.0,9.0,10.7,1.4,0.427,0.4,0.316,1.0,0.492,0.486,0.5,0.633,0.4,1.7,0.2,0.3,0.1,0.5,1.6,3.7,8.2,0.4,0.031,12.7
459,Jason Collins,18.0,Stanford,College/University,23.0,NJN,C,77.0,9.0,18.3,1.5,0.421,0.0,0.5,1.5,0.42,0.423,1.5,0.701,1.7,2.2,1.1,0.4,0.6,0.9,2.2,4.5,10.7,3.0,0.104,7.0
293,Ramon Sessions,56.0,Nevada-Reno,College/University,21.0,MIL,PG,17.0,7.0,26.5,3.0,0.436,0.2,0.429,2.8,0.436,0.449,1.9,0.78,0.5,2.9,7.5,1.0,0.2,2.1,1.5,8.1,16.2,0.7,0.077,15.9
91,Kelly Olynyk,13.0,Gonzaga,College/University,22.0,BOS,C,70.0,9.0,20.0,3.3,0.466,0.6,0.351,2.8,0.5,0.506,1.4,0.811,2.0,3.2,1.6,0.5,0.4,1.5,3.2,8.7,15.2,2.9,0.101,15.8
478,Marcus Fizer,4.0,Iowa State,College/University,22.0,CHI,PF,72.0,13.0,21.9,3.9,0.43,0.1,0.256,3.7,0.442,0.438,1.6,0.727,1.1,3.3,1.1,0.4,0.3,1.7,2.4,9.5,11.0,-0.7,-0.022,13.4
217,Darren Collison,21.0,California-Los Angeles,College/University,22.0,NOH,PG,76.0,37.0,27.8,4.9,0.477,0.6,0.4,4.3,0.49,0.506,1.9,0.851,0.5,2.0,5.7,1.0,0.1,2.7,1.2,12.4,16.5,2.9,0.067,16.2
376,Jameer Nelson,20.0,Saint Joseph's,College/University,22.0,ORL,PG,79.0,21.0,20.4,3.6,0.455,0.6,0.312,3.1,0.497,0.49,0.9,0.682,0.7,1.8,3.0,1.0,0.0,1.5,2.5,8.7,14.5,2.5,0.074,14.4
123,Maurice Harkless,15.0,St. John's (NY),College/University,19.0,ORL,SF,76.0,59.0,26.0,3.4,0.461,0.4,0.274,3.0,0.51,0.489,1.0,0.57,1.6,2.8,0.7,1.2,0.8,0.9,1.9,8.2,12.5,2.4,0.059,11.9
36,Devin Booker,13.0,Kentucky,College/University,19.0,PHO,SG,76.0,51.0,27.7,4.8,0.423,1.3,0.343,3.5,0.464,0.48,2.8,0.84,0.4,2.1,2.6,0.6,0.3,2.1,3.0,13.8,11.9,1.9,0.043,17.4
199,Landry Fields,39.0,Stanford,College/University,22.0,NYK,SG,82.0,81.0,31.0,3.6,0.497,1.0,0.393,2.6,0.556,0.568,1.4,0.769,1.3,5.1,1.9,1.0,0.2,1.3,1.4,9.7,13.5,5.3,0.1,12.1
422,Dajuan Wagner,6.0,Memphis,College/University,19.0,CLE,SG,47.0,24.0,29.5,4.7,0.369,1.2,0.316,3.6,0.39,0.414,2.7,0.8,0.4,1.3,2.8,0.8,0.1,1.8,2.3,13.4,10.9,0.3,0.011,9.9
2,Kris Dunn,5.0,Providence,College/University,22.0,MIN,PG,78.0,7.0,17.1,1.5,0.377,0.3,0.288,1.2,0.404,0.411,0.5,0.61,0.3,1.8,2.4,1.0,0.5,1.1,2.3,3.8,8.1,0.1,0.004,11.8
429,Fred Jones,14.0,Oregon,College/University,23.0,IND,SG,19.0,1.0,6.1,0.5,0.375,0.1,0.286,0.4,0.412,0.417,0.2,0.75,0.2,0.3,0.3,0.3,0.1,0.3,0.7,1.2,5.5,0.0,0.019,11.3
391,Dwyane Wade,5.0,Marquette,College/University,22.0,MIA,PG,61.0,56.0,34.9,6.1,0.465,0.3,0.302,5.8,0.477,0.475,3.8,0.747,1.4,2.7,4.5,1.4,0.6,3.2,2.3,16.2,17.6,4.6,0.103,23.5
320,Paul Millsap,47.0,Louisiana Tech,College/University,21.0,UTA,PF,82.0,1.0,18.0,2.5,0.525,0.0,0.333,2.5,0.527,0.526,1.7,0.673,2.2,2.9,0.8,0.8,0.9,1.1,2.9,6.8,17.6,4.7,0.153,18.8
394,T.J. Ford,8.0,Texas,College/University,20.0,MIL,PG,55.0,55.0,26.8,2.8,0.384,0.1,0.238,2.7,0.393,0.391,1.5,0.816,0.7,2.5,6.5,1.1,0.1,2.5,2.2,7.1,12.1,0.7,0.022,15.1
47,Kevon Looney,30.0,California-Los Angeles,College/University,19.0,GSW,PF,5.0,0.0,4.2,0.8,0.571,0.2,0.5,0.6,0.6,0.643,0.0,,0.8,1.2,0.0,0.0,0.0,0.2,0.4,1.8,18.6,0.1,0.192,14.5
223,Toney Douglas,29.0,Florida State,College/University,23.0,NYK,PG,56.0,12.0,19.4,3.2,0.458,1.2,0.389,2.0,0.514,0.545,1.0,0.809,0.7,1.2,2.0,0.8,0.1,1.0,2.1,8.6,14.9,2.2,0.097,13.2
28,Mario Hezonja,5.0,FC Barcelona Basquet,Other Team/Club,20.0,ORL,SF,79.0,9.0,17.9,2.3,0.433,0.8,0.349,1.4,0.504,0.513,0.6,0.907,0.4,1.9,1.4,0.5,0.2,1.2,1.6,6.1,9.4,0.9,0.029,10.5
200,Lance Stephenson,40.0,Cincinnati,College/University,20.0,IND,SG,12.0,0.0,9.6,1.1,0.333,0.0,0.0,1.1,0.382,0.333,0.9,0.786,0.1,1.4,1.8,0.3,0.0,1.3,1.2,3.1,5.5,-0.2,-0.093,12.1
21,Patrick McCaw,38.0,Nevada-Las Vegas,College/University,21.0,GSW,SG,71.0,20.0,15.1,1.5,0.433,0.6,0.333,0.9,0.533,0.516,0.4,0.784,0.3,1.1,1.1,0.5,0.2,0.5,0.9,4.0,8.6,1.7,0.077,7.8
173,John Wall,1.0,Kentucky,College/University,20.0,WAS,PG,69.0,64.0,37.8,5.8,0.409,0.5,0.296,5.3,0.425,0.427,4.4,0.766,0.5,4.1,8.3,1.8,0.5,3.8,2.5,16.4,15.8,2.2,0.041,19.2
20,Malcolm Brogdon,36.0,Virginia,College/University,24.0,MIL,SG,75.0,28.0,26.4,3.9,0.457,1.0,0.404,2.8,0.48,0.518,1.5,0.865,0.6,2.2,4.2,1.1,0.2,1.5,1.9,10.2,14.9,4.1,0.1,16.6
31,Stanley Johnson,8.0,Arizona,College/University,19.0,DET,SF,73.0,6.0,23.1,3.1,0.375,0.9,0.307,2.2,0.41,0.428,1.1,0.784,0.8,3.4,1.6,0.8,0.2,1.6,2.4,8.1,8.7,0.6,0.018,8.7
86,Kentavious Caldwell-Pope,8.0,Georgia,College/University,20.0,DET,SG,80.0,41.0,19.8,2.3,0.396,0.7,0.319,1.5,0.447,0.46,0.6,0.77,0.5,1.5,0.7,0.9,0.2,0.4,1.8,5.9,9.4,1.8,0.055,11.9
63,Elfrid Payton,10.0,Louisiana-Lafayette,College/University,20.0,ORL,PG,82.0,63.0,30.4,3.7,0.425,0.1,0.262,3.5,0.435,0.433,1.4,0.551,1.3,3.0,6.5,1.7,0.2,2.5,2.4,8.9,13.8,2.3,0.044,14.8
347,David Lee,30.0,Florida,College/University,22.0,NYK,SF,67.0,14.0,16.9,2.0,0.596,0.0,,2.0,0.596,0.596,1.1,0.577,1.6,2.9,0.6,0.4,0.3,0.8,1.9,5.1,15.4,2.7,0.116,19.1
271,Brandan Wright,8.0,North Carolina,College/University,20.0,GSW,PF,38.0,6.0,9.9,1.6,0.554,0.0,,1.6,0.554,0.554,0.7,0.675,1.0,1.6,0.2,0.2,0.6,0.3,0.9,4.0,17.2,1.1,0.142,20.3
363,Ben Gordon,3.0,Connecticut,College/University,21.0,CHI,SG,82.0,3.0,24.4,5.3,0.411,1.6,0.405,3.7,0.414,0.474,2.8,0.863,0.7,2.0,2.0,0.6,0.1,2.3,2.7,15.1,14.9,3.5,0.084,14.9
81,Jordan Clarkson,46.0,Missouri,College/University,22.0,LAL,PG,59.0,38.0,25.0,4.5,0.448,0.6,0.314,3.9,0.482,0.48,2.2,0.829,0.9,2.3,3.5,0.9,0.2,1.6,1.8,11.9,16.9,2.4,0.078,15.8
381,Beno Udrih,28.0,Olimpia Milano,Other Team/Club,22.0,SAS,PG,80.0,2.0,14.4,2.2,0.444,0.7,0.408,1.4,0.464,0.518,0.8,0.753,0.2,0.8,1.9,0.5,0.1,1.0,1.2,5.9,14.3,3.1,0.128,14.0
229,Chase Budinger,44.0,Arizona,College/University,21.0,HOU,SF,74.0,4.0,20.1,3.4,0.441,1.2,0.369,2.1,0.497,0.522,0.9,0.77,0.5,2.5,1.2,0.5,0.1,0.6,1.1,8.9,14.1,3.1,0.1,13.0
9,Taurean Prince,12.0,Baylor,College/University,22.0,ATL,SF,59.0,10.0,16.6,1.9,0.4,0.6,0.324,1.4,0.443,0.458,1.3,0.787,0.4,2.2,0.9,0.7,0.5,1.0,1.6,5.7,9.8,1.1,0.054,11.3
358,Ryan Gomes,50.0,Providence,College/University,23.0,BOS,PF,61.0,33.0,22.6,2.8,0.487,0.0,0.333,2.8,0.491,0.492,1.8,0.752,1.7,3.2,1.0,0.6,0.1,0.9,1.4,7.6,14.0,3.1,0.108,12.5
322,Ryan Hollins,50.0,California-Los Angeles,College/University,22.0,CHA,C,27.0,0.0,6.9,0.7,0.556,0.0,,0.7,0.556,0.556,0.9,0.6,0.4,0.7,0.0,0.1,0.3,0.6,1.5,2.4,8.5,0.2,0.04,11.0
410,Luke Walton,32.0,Arizona,College/University,23.0,LAL,PF,72.0,2.0,10.1,0.9,0.425,0.2,0.333,0.7,0.456,0.467,0.4,0.705,0.5,1.2,1.6,0.4,0.1,0.6,1.0,2.4,12.7,1.6,0.103,11.7
503,Brian Cardinal,44.0,Purdue,College/University,23.0,DET,PF,15.0,0.0,8.4,0.7,0.323,0.0,0.0,0.7,0.385,0.323,0.7,0.611,0.5,1.0,0.2,0.5,0.1,0.6,1.8,2.1,4.7,0.0,-0.009,12.7
170,DeAndre Liggins,53.0,Kentucky,College/University,23.0,ORL,SF,17.0,0.0,6.8,0.7,0.48,0.0,0.0,0.7,0.571,0.48,0.5,0.474,0.4,0.5,0.3,0.4,0.0,0.6,0.4,1.9,8.9,0.0,0.0,7.3
481,Chris Mihm,7.0,Texas,College/University,21.0,CLE,C,59.0,43.0,19.8,2.9,0.442,0.0,0.0,2.9,0.444,0.442,1.7,0.794,1.8,2.9,0.3,0.3,0.9,1.4,2.6,7.6,12.6,1.3,0.053,13.4
327,Raymond Felton,5.0,North Carolina,College/University,21.0,CHA,PG,80.0,54.0,30.1,4.3,0.391,1.2,0.358,3.1,0.405,0.446,2.0,0.725,1.0,2.4,5.6,1.3,0.1,2.3,2.3,11.9,14.2,2.6,0.051,13.8
309,Kyle Lowry,24.0,Villanova,College/University,20.0,MEM,PG,10.0,0.0,17.5,1.4,0.368,0.3,0.375,1.1,0.367,0.408,2.5,0.893,1.2,1.9,3.2,1.4,0.1,1.2,2.0,5.6,18.3,0.5,0.148,18.3
437,Dan Dickau,28.0,Gonzaga,College/University,24.0,ATL,PG,50.0,0.0,10.3,1.4,0.412,0.4,0.361,1.0,0.44,0.476,0.4,0.808,0.2,0.7,1.7,0.3,0.0,1.1,1.3,3.7,9.9,0.0,0.001,12.9
452,DeSagana Diop,8.0,Oak Hill Academy,High School,20.0,CLE,C,18.0,1.0,6.1,0.7,0.414,0.0,,0.7,0.414,0.414,0.1,0.2,0.3,0.7,0.3,0.1,0.6,0.7,1.1,1.4,3.2,-0.3,-0.124,9.8
51,Josh Richardson,40.0,Tennessee,College/University,22.0,MIA,SG,52.0,2.0,21.3,2.4,0.452,1.0,0.461,1.3,0.446,0.55,0.8,0.667,0.4,1.7,1.4,0.7,0.5,0.7,2.1,6.6,11.4,2.5,0.109,12.5
265,Kevin Durant,2.0,Texas,College/University,19.0,SEA,SG,80.0,80.0,34.6,7.3,0.43,0.7,0.288,6.6,0.455,0.451,4.9,0.873,0.9,3.5,2.4,1.0,0.9,2.9,1.5,20.3,15.8,2.3,0.04,25.2
440,Flip Murray,41.0,Shaw,College/University,23.0,TOT,SG,14.0,0.0,4.4,0.8,0.355,0.0,0.0,0.8,0.423,0.355,0.4,0.625,0.0,0.3,0.4,0.3,0.0,0.6,0.0,1.9,6.6,-0.3,-0.198,12.7
483,Joel Przybilla,9.0,Minnesota,College/University,21.0,MIL,C,33.0,13.0,8.2,0.4,0.343,0.0,,0.4,0.343,0.343,0.1,0.273,0.9,1.3,0.1,0.1,0.9,0.4,1.7,0.8,5.9,0.1,0.018,12.0
102,Rudy Gobert,27.0,Cholet Basket,Other Team/Club,21.0,UTA,C,45.0,0.0,9.6,0.8,0.486,0.0,,0.8,0.486,0.486,0.7,0.492,1.1,2.3,0.2,0.2,0.9,0.7,1.3,2.3,12.9,0.4,0.045,21.8
270,Corey Brewer,7.0,Florida,College/University,21.0,MIN,SF,79.0,35.0,22.8,2.3,0.374,0.1,0.194,2.2,0.389,0.382,1.1,0.8,1.0,2.7,1.4,1.0,0.3,1.1,2.4,5.8,8.3,-0.2,-0.005,11.8
18,Damian Jones,30.0,Vanderbilt,College/University,21.0,GSW,C,10.0,0.0,8.5,0.8,0.5,0.0,,0.8,0.5,0.5,0.3,0.3,0.9,1.4,0.0,0.1,0.4,0.6,1.5,1.9,5.3,0.0,0.018,14.4
315,Steve Novak,32.0,Marquette,College/University,23.0,HOU,SF,35.0,1.0,5.5,0.5,0.36,0.4,0.333,0.1,0.455,0.49,0.1,1.0,0.1,0.6,0.2,0.1,0.0,0.1,0.6,1.5,7.7,0.4,0.091,12.7
354,Monta Ellis,40.0,Lanier,High School,20.0,GSW,SG,49.0,3.0,18.1,2.7,0.415,0.6,0.341,2.1,0.441,0.459,0.9,0.712,0.4,1.7,1.6,0.7,0.2,1.2,1.4,6.8,11.1,0.5,0.028,16.0
349,CJ Miles,34.0,Skyline,High School,18.0,UTA,PG,23.0,0.0,8.8,1.2,0.368,0.2,0.25,1.0,0.411,0.401,0.8,0.75,0.8,0.9,0.7,0.3,0.1,0.4,0.9,3.4,13.8,0.3,0.076,13.1
143,Tristan Thompson,4.0,Texas,College/University,20.0,CLE,PF,60.0,25.0,23.7,3.2,0.439,0.0,0.0,3.2,0.441,0.439,1.8,0.552,3.1,3.4,0.5,0.5,1.0,1.4,2.2,8.2,13.3,1.1,0.038,15.5
61,Nik Stauskas,8.0,Michigan,College/University,21.0,SAC,SG,73.0,1.0,15.4,1.5,0.365,0.7,0.322,0.8,0.408,0.446,0.8,0.859,0.2,1.1,0.9,0.3,0.2,0.5,1.3,4.4,7.5,0.5,0.021,9.1
393,Kirk Hinrich,7.0,Kansas,College/University,23.0,CHI,PG,76.0,66.0,35.6,4.2,0.386,1.9,0.39,2.3,0.383,0.474,1.8,0.804,0.6,2.9,6.8,1.3,0.3,2.7,3.6,12.0,13.1,4.1,0.072,12.8
269,Yi Jianlian,6.0,Guangdong Southern Tigers,Other Team/Club,20.0,MIL,PF,66.0,49.0,25.0,3.3,0.421,0.1,0.286,3.2,0.427,0.427,1.8,0.841,1.6,3.6,0.8,0.5,0.8,1.4,2.3,8.6,11.3,0.7,0.022,11.2
108,James Ennis III,50.0,Long Beach State,College/University,24.0,MIA,SF,62.0,3.0,17.0,1.6,0.409,0.5,0.326,1.1,0.461,0.472,1.3,0.84,0.8,2.0,0.8,0.4,0.3,0.6,1.4,5.0,11.5,1.9,0.088,11.7
155,Tobias Harris,19.0,Tennessee,College/University,19.0,MIL,SF,42.0,9.0,11.4,1.9,0.467,0.1,0.261,1.7,0.5,0.485,1.0,0.815,0.7,1.7,0.5,0.3,0.2,0.7,1.1,5.0,14.2,0.9,0.087,17.0
458,Michael Bradley,17.0,Villanova,College/University,22.0,TOR,PF,26.0,0.0,4.5,0.5,0.52,0.0,0.0,0.5,0.565,0.52,0.2,0.5,0.3,0.7,0.1,0.0,0.2,0.2,0.4,1.2,9.9,0.1,0.053,11.3
115,Damian Lillard,6.0,Weber State,College/University,22.0,POR,PG,82.0,82.0,38.6,6.7,0.429,2.3,0.368,4.5,0.469,0.501,3.3,0.844,0.5,2.6,6.5,0.9,0.2,3.0,2.1,19.0,16.4,5.8,0.088,22.4
433,Casey Jacobsen,22.0,Stanford,College/University,21.0,PHO,SF,72.0,0.0,15.9,1.7,0.373,0.7,0.315,1.0,0.432,0.453,1.0,0.686,0.4,0.8,1.0,0.5,0.1,0.8,1.3,5.1,9.2,1.2,0.051,9.2
316,Solomon Jones,33.0,South Florida,College/University,22.0,ATL,PF,58.0,8.0,11.5,1.1,0.508,0.0,0.0,1.1,0.512,0.508,1.0,0.787,0.8,1.5,0.2,0.2,0.7,0.4,2.1,3.3,12.3,1.6,0.117,10.2
85,Ben McLemore,7.0,Kansas,College/University,20.0,SAC,SG,82.0,55.0,26.7,3.1,0.376,1.2,0.32,2.0,0.419,0.446,1.4,0.804,0.6,2.2,1.0,0.5,0.2,1.2,2.5,8.8,7.7,0.8,0.016,9.6
365,Devin Harris,5.0,Wisconsin,College/University,21.0,DAL,PG,76.0,19.0,15.4,2.1,0.429,0.6,0.336,1.5,0.481,0.489,1.0,0.757,0.4,1.0,2.2,1.0,0.3,1.1,1.8,5.7,14.7,2.7,0.111,16.0
48,Montrezl Harrell,32.0,Louisville,College/University,22.0,HOU,PF,39.0,1.0,9.7,1.5,0.644,0.0,0.0,1.5,0.652,0.644,0.6,0.522,0.6,1.0,0.4,0.3,0.3,0.4,1.2,3.6,14.6,0.9,0.118,22.5
191,Avery Bradley,19.0,Texas,College/University,20.0,BOS,PG,31.0,0.0,5.2,0.7,0.343,0.0,0.0,0.7,0.371,0.343,0.2,0.5,0.1,0.4,0.4,0.3,0.0,0.5,0.6,1.7,2.2,-0.5,-0.139,10.9
360,Amir Johnson,56.0,Westchester,High School,18.0,DET,SF,3.0,0.0,13.0,2.3,0.7,0.7,0.667,1.7,0.714,0.8,1.3,1.0,1.0,0.3,1.0,0.0,0.7,1.3,2.3,6.7,20.3,0.2,0.208,15.8
339,Nate Robinson,21.0,Washington,College/University,21.0,NYK,PG,72.0,26.0,21.4,3.2,0.407,0.8,0.397,2.4,0.411,0.458,2.1,0.752,0.8,1.5,2.0,0.8,0.0,1.6,2.8,9.3,12.6,1.5,0.046,15.6
136,Will Barton,40.0,Memphis,College/University,22.0,POR,SG,73.0,5.0,12.2,1.6,0.382,0.1,0.138,1.5,0.447,0.396,0.7,0.769,0.5,1.5,0.8,0.5,0.1,0.8,0.8,4.0,9.1,-0.5,-0.028,14.3
474,Jarron Collins,52.0,Stanford,College/University,23.0,UTA,C,70.0,68.0,20.6,2.3,0.461,0.0,0.0,2.3,0.462,0.461,1.9,0.74,2.0,2.3,0.8,0.4,0.3,0.8,3.3,6.4,11.5,3.3,0.111,9.4
133,Draymond Green,35.0,Michigan State,College/University,22.0,GSW,SF,79.0,1.0,13.4,1.1,0.327,0.2,0.209,0.9,0.368,0.354,0.6,0.818,0.7,2.6,0.7,0.5,0.3,0.6,2.0,2.9,7.1,0.6,0.028,14.9
361,Dwight Howard,1.0,Southwest Atlanta Christian Academy,High School,19.0,ORL,PF,82.0,82.0,32.6,4.3,0.52,0.0,0.0,4.3,0.521,0.52,3.4,0.671,3.5,6.5,0.9,0.9,1.7,2.0,2.8,12.0,17.2,7.3,0.131,21.4
497,Mamadou N'diaye,26.0,Auburn,College/University,25.0,TOR,C,3.0,0.0,3.3,0.3,0.25,0.0,,0.3,0.25,0.25,0.7,1.0,0.3,0.3,0.0,0.0,0.0,0.0,1.0,1.3,6.6,0.0,0.083,13.3
340,Jarrett Jack,22.0,Georgia Tech,College/University,22.0,POR,SG,79.0,4.0,20.2,2.4,0.442,0.3,0.263,2.1,0.48,0.465,1.6,0.8,0.2,1.8,2.8,0.5,0.0,1.3,1.7,6.7,12.3,1.2,0.035,14.1
451,Eddie Griffin,7.0,Seton Hall,College/University,19.0,HOU,PF,73.0,24.0,26.0,3.3,0.366,1.2,0.33,2.1,0.392,0.434,0.9,0.744,1.6,4.1,0.7,0.2,1.8,0.6,1.6,8.8,13.8,2.4,0.061,14.3
